
[2026-04-23T09:02:07.918Z] Admin Query: "Attendance summary"
Searching by Name terms: attendance,summary -> Found: None

[2026-04-23T09:02:32.741Z] Admin Query: "(Answer in Hindi only.) love you"
Searching by Name terms: (answer,hindi,only.),love,you -> Found: None

[2026-04-23T09:03:27.600Z] Admin Query: "(Answer in Hindi only.) can you generate image of car"
Searching by Name terms: (answer,hindi,only.),can,you,generate,image,car -> Found: None

[2026-04-23T09:04:03.317Z] Admin Query: "(Answer in Hindi only.) can you generate image of car"
Searching by Name terms: (answer,hindi,only.),can,you,generate,image,car -> Found: None

[2026-04-26T04:33:32.542Z] Admin Query: "Fee pending?"
Searching by Name terms: fee,pending? -> Found: None

[2026-04-26T09:25:58.029Z] Admin Query: "Give a short, 1-sentence motivational morning greeting for school students and teachers. Keep it inspiring, positive, and under 15 words. Don't use hashtags."
Searching by Name terms: give,short,,1-sentence,motivational,morning,greeting,for,school,students,and,teachers.,keep,inspiring,,positive,,and,under,words.,don't,use,hashtags. -> Found: None

[2026-04-26T09:26:06.464Z] Admin Query: "Give a short, 1-sentence motivational morning greeting for school students and teachers. Keep it inspiring, positive, and under 15 words. Don't use hashtags."
Searching by Name terms: give,short,,1-sentence,motivational,morning,greeting,for,school,students,and,teachers.,keep,inspiring,,positive,,and,under,words.,don't,use,hashtags. -> Found: None

[2026-04-26T09:31:08.286Z] Admin Query: "Give a short, 1-sentence motivational morning greeting in Hindi (Devanagari script). Keep it positive, inspiring for school students/teachers, and under 15 words. Don't use hashtags or emojis."
Searching by Name terms: give,short,,1-sentence,motivational,morning,greeting,hindi,(devanagari,script).,keep,positive,,inspiring,for,school,students/teachers,,and,under,words.,don't,use,hashtags,emojis. -> Found: None

[2026-04-26T09:38:21.110Z] Admin Query: "Give a short, 1-sentence motivational morning greeting in Hindi (Devanagari script). Keep it positive, inspiring for school students/teachers, and under 15 words. Don't use hashtags or emojis."
Searching by Name terms: give,short,,1-sentence,motivational,morning,greeting,hindi,(devanagari,script).,keep,positive,,inspiring,for,school,students/teachers,,and,under,words.,don't,use,hashtags,emojis. -> Found: None

[2026-04-26T09:58:59.321Z] Admin Query: "Give a short, 1-sentence motivational morning greeting in Hindi (Devanagari script). Keep it positive, inspiring for school students/teachers, and under 15 words. Don't use hashtags or emojis."
Searching by Name terms: give,short,,1-sentence,motivational,morning,greeting,hindi,(devanagari,script).,keep,positive,,inspiring,for,school,students/teachers,,and,under,words.,don't,use,hashtags,emojis. -> Found: None

[2026-04-26T14:28:59.684Z] Admin Query: "Give a short, 1-sentence motivational morning greeting in Hindi (Devanagari script). Keep it positive, inspiring for school students/teachers, and under 15 words. Don't use hashtags or emojis."
Searching by Name terms: give,short,,1-sentence,motivational,morning,greeting,hindi,(devanagari,script).,keep,positive,,inspiring,for,school,students/teachers,,and,under,words.,don't,use,hashtags,emojis. -> Found: None

[2026-04-26T14:29:07.414Z] Admin Query: "Give a short, 1-sentence motivational morning greeting in Hindi (Devanagari script). Keep it positive, inspiring for school students/teachers, and under 15 words. Don't use hashtags or emojis."
Searching by Name terms: give,short,,1-sentence,motivational,morning,greeting,hindi,(devanagari,script).,keep,positive,,inspiring,for,school,students/teachers,,and,under,words.,don't,use,hashtags,emojis. -> Found: None

[2026-04-26T14:37:41.837Z] Admin Query: "Give a short, 1-sentence motivational greeting in Hindi (Devanagari) for a SCHOOL TEACHER. Focus on their noble role in shaping the future. Under 15 words. No emojis."
Searching by Name terms: give,short,,1-sentence,motivational,greeting,hindi,(devanagari),for,school,teacher.,focus,their,noble,role,shaping,the,future.,under,words.,emojis. -> Found: None

[2026-04-26T14:37:59.531Z] Admin Query: "Give a short, 1-sentence motivational greeting in Hindi (Devanagari) for a SCHOOL TEACHER. Focus on their noble role in shaping the future. Under 15 words. No emojis."
Searching by Name terms: give,short,,1-sentence,motivational,greeting,hindi,(devanagari),for,school,teacher.,focus,their,noble,role,shaping,the,future.,under,words.,emojis. -> Found: None

[2026-04-26T14:38:05.866Z] Admin Query: "Give a short, 1-sentence motivational greeting in Hindi (Devanagari) for a SCHOOL TEACHER. Focus on their noble role in shaping the future. Under 15 words. No emojis."
Searching by Name terms: give,short,,1-sentence,motivational,greeting,hindi,(devanagari),for,school,teacher.,focus,their,noble,role,shaping,the,future.,under,words.,emojis. -> Found: None

[2026-04-26T14:38:41.813Z] Admin Query: "Give a short, 1-sentence motivational greeting in Hindi (Devanagari) for a SCHOOL TEACHER. Focus on their noble role in shaping the future. Under 15 words. No emojis."
Searching by Name terms: give,short,,1-sentence,motivational,greeting,hindi,(devanagari),for,school,teacher.,focus,their,noble,role,shaping,the,future.,under,words.,emojis. -> Found: None

[2026-04-26T14:39:05.513Z] Admin Query: "Give a short, 1-sentence motivational greeting in Hindi (Devanagari) for a SCHOOL TEACHER. Focus on their noble role in shaping the future. Under 15 words. No emojis."
Searching by Name terms: give,short,,1-sentence,motivational,greeting,hindi,(devanagari),for,school,teacher.,focus,their,noble,role,shaping,the,future.,under,words.,emojis. -> Found: None

[2026-04-26T14:39:31.791Z] Admin Query: "Give a short, 1-sentence motivational greeting in Hindi (Devanagari) for a SCHOOL TEACHER. Focus on their noble role in shaping the future. Under 15 words. No emojis."
Searching by Name terms: give,short,,1-sentence,motivational,greeting,hindi,(devanagari),for,school,teacher.,focus,their,noble,role,shaping,the,future.,under,words.,emojis. -> Found: None

[2026-04-26T14:42:06.779Z] Admin Query: "Give a short, 1-sentence motivational greeting in Hindi (Devanagari) for a SCHOOL TEACHER. Focus on their noble role in shaping the future. Under 15 words. No emojis."
Searching by Name terms: give,short,,1-sentence,motivational,greeting,hindi,(devanagari),for,school,teacher.,focus,their,noble,role,shaping,the,future.,under,words.,emojis. -> Found: None

[2026-04-26T14:44:59.053Z] Admin Query: "Give a short, 1-sentence motivational morning greeting in Hindi (Devanagari). Use any inspiring theme: success, leadership, wisdom, kindness, or global philosophy. Keep it under 15 words and unique every time."
Searching by Name terms: give,short,,1-sentence,motivational,morning,greeting,hindi,(devanagari).,use,any,inspiring,theme:,success,,leadership,,wisdom,,kindness,,global,philosophy.,keep,under,words,and,unique,every,time. -> Found: None

[2026-04-26T14:45:10.708Z] Admin Query: "Give a short, 1-sentence motivational morning greeting in Hindi (Devanagari). Use any inspiring theme: success, leadership, wisdom, kindness, or global philosophy. Keep it under 15 words and unique every time."
Searching by Name terms: give,short,,1-sentence,motivational,morning,greeting,hindi,(devanagari).,use,any,inspiring,theme:,success,,leadership,,wisdom,,kindness,,global,philosophy.,keep,under,words,and,unique,every,time. -> Found: None

[2026-04-26T14:45:34.989Z] Admin Query: "Give a short, 1-sentence motivational morning greeting in Hindi (Devanagari). Use any inspiring theme: success, leadership, wisdom, kindness, or global philosophy. Keep it under 15 words and unique every time."
Searching by Name terms: give,short,,1-sentence,motivational,morning,greeting,hindi,(devanagari).,use,any,inspiring,theme:,success,,leadership,,wisdom,,kindness,,global,philosophy.,keep,under,words,and,unique,every,time. -> Found: None

[2026-04-26T14:47:22.739Z] Admin Query: "Give a short, 1-sentence motivational morning greeting in Hindi (Devanagari). Use any inspiring theme: success, leadership, wisdom, kindness, or global philosophy. Keep it under 15 words and unique every time."
Searching by Name terms: give,short,,1-sentence,motivational,morning,greeting,hindi,(devanagari).,use,any,inspiring,theme:,success,,leadership,,wisdom,,kindness,,global,philosophy.,keep,under,words,and,unique,every,time. -> Found: None

[2026-04-26T14:48:14.718Z] Admin Query: "Give a short, 1-sentence motivational morning greeting in Hindi (Devanagari). Use any inspiring theme: success, leadership, wisdom, kindness, or global philosophy. Keep it under 15 words and unique every time."
Searching by Name terms: give,short,,1-sentence,motivational,morning,greeting,hindi,(devanagari).,use,any,inspiring,theme:,success,,leadership,,wisdom,,kindness,,global,philosophy.,keep,under,words,and,unique,every,time. -> Found: None

[2026-04-26T14:48:22.676Z] Admin Query: "Give a short, 1-sentence motivational morning greeting in Hindi (Devanagari). Use any inspiring theme: success, leadership, wisdom, kindness, or global philosophy. Keep it under 15 words and unique every time."
Searching by Name terms: give,short,,1-sentence,motivational,morning,greeting,hindi,(devanagari).,use,any,inspiring,theme:,success,,leadership,,wisdom,,kindness,,global,philosophy.,keep,under,words,and,unique,every,time. -> Found: None

[2026-04-26T14:48:34.690Z] Admin Query: "Give a short, 1-sentence motivational morning greeting in Hindi (Devanagari). Use any inspiring theme: success, leadership, wisdom, kindness, or global philosophy. Keep it under 15 words and unique every time."
Searching by Name terms: give,short,,1-sentence,motivational,morning,greeting,hindi,(devanagari).,use,any,inspiring,theme:,success,,leadership,,wisdom,,kindness,,global,philosophy.,keep,under,words,and,unique,every,time. -> Found: None

[2026-04-26T14:48:40.708Z] Admin Query: "Give a short, 1-sentence motivational morning greeting in Hindi (Devanagari). Use any inspiring theme: success, leadership, wisdom, kindness, or global philosophy. Keep it under 15 words and unique every time."
Searching by Name terms: give,short,,1-sentence,motivational,morning,greeting,hindi,(devanagari).,use,any,inspiring,theme:,success,,leadership,,wisdom,,kindness,,global,philosophy.,keep,under,words,and,unique,every,time. -> Found: None

[2026-04-26T14:49:09.037Z] Admin Query: "Give a short, 1-sentence motivational morning greeting in Hindi (Devanagari). Use any inspiring theme: success, leadership, wisdom, kindness, or global philosophy. Keep it under 15 words and unique every time."
Searching by Name terms: give,short,,1-sentence,motivational,morning,greeting,hindi,(devanagari).,use,any,inspiring,theme:,success,,leadership,,wisdom,,kindness,,global,philosophy.,keep,under,words,and,unique,every,time. -> Found: None

[2026-04-26T14:49:30.682Z] Admin Query: "Give a short, 1-sentence motivational morning greeting in Hindi (Devanagari). Use any inspiring theme: success, leadership, wisdom, kindness, or global philosophy. Keep it under 15 words and unique every time."
Searching by Name terms: give,short,,1-sentence,motivational,morning,greeting,hindi,(devanagari).,use,any,inspiring,theme:,success,,leadership,,wisdom,,kindness,,global,philosophy.,keep,under,words,and,unique,every,time. -> Found: None

[2026-04-26T14:50:00.723Z] Admin Query: "Give a short, 1-sentence motivational morning greeting in Hindi (Devanagari). Use any inspiring theme: success, leadership, wisdom, kindness, or global philosophy. Keep it under 15 words and unique every time."
Searching by Name terms: give,short,,1-sentence,motivational,morning,greeting,hindi,(devanagari).,use,any,inspiring,theme:,success,,leadership,,wisdom,,kindness,,global,philosophy.,keep,under,words,and,unique,every,time. -> Found: None

[2026-04-26T14:50:34.710Z] Admin Query: "Give a short, 1-sentence motivational morning greeting in Hindi (Devanagari). Use any inspiring theme: success, leadership, wisdom, kindness, or global philosophy. Keep it under 15 words and unique every time."
Searching by Name terms: give,short,,1-sentence,motivational,morning,greeting,hindi,(devanagari).,use,any,inspiring,theme:,success,,leadership,,wisdom,,kindness,,global,philosophy.,keep,under,words,and,unique,every,time. -> Found: None

[2026-04-26T14:50:56.691Z] Admin Query: "Give a short, 1-sentence motivational morning greeting in Hindi (Devanagari). Use any inspiring theme: success, leadership, wisdom, kindness, or global philosophy. Keep it under 15 words and unique every time."
Searching by Name terms: give,short,,1-sentence,motivational,morning,greeting,hindi,(devanagari).,use,any,inspiring,theme:,success,,leadership,,wisdom,,kindness,,global,philosophy.,keep,under,words,and,unique,every,time. -> Found: None

[2026-04-26T14:51:12.698Z] Admin Query: "Give a short, 1-sentence motivational morning greeting in Hindi (Devanagari). Use any inspiring theme: success, leadership, wisdom, kindness, or global philosophy. Keep it under 15 words and unique every time."
Searching by Name terms: give,short,,1-sentence,motivational,morning,greeting,hindi,(devanagari).,use,any,inspiring,theme:,success,,leadership,,wisdom,,kindness,,global,philosophy.,keep,under,words,and,unique,every,time. -> Found: None

[2026-04-26T14:51:25.035Z] Admin Query: "Give a short, 1-sentence motivational morning greeting in Hindi (Devanagari). Use any inspiring theme: success, leadership, wisdom, kindness, or global philosophy. Keep it under 15 words and unique every time."
Searching by Name terms: give,short,,1-sentence,motivational,morning,greeting,hindi,(devanagari).,use,any,inspiring,theme:,success,,leadership,,wisdom,,kindness,,global,philosophy.,keep,under,words,and,unique,every,time. -> Found: None

[2026-04-26T14:51:48.727Z] Admin Query: "Give a short, 1-sentence motivational morning greeting in Hindi (Devanagari). Use any inspiring theme: success, leadership, wisdom, kindness, or global philosophy. Keep it under 15 words and unique every time."
Searching by Name terms: give,short,,1-sentence,motivational,morning,greeting,hindi,(devanagari).,use,any,inspiring,theme:,success,,leadership,,wisdom,,kindness,,global,philosophy.,keep,under,words,and,unique,every,time. -> Found: None

[2026-04-26T14:51:54.720Z] Admin Query: "Give a short, 1-sentence motivational morning greeting in Hindi (Devanagari). Use any inspiring theme: success, leadership, wisdom, kindness, or global philosophy. Keep it under 15 words and unique every time."
Searching by Name terms: give,short,,1-sentence,motivational,morning,greeting,hindi,(devanagari).,use,any,inspiring,theme:,success,,leadership,,wisdom,,kindness,,global,philosophy.,keep,under,words,and,unique,every,time. -> Found: None

[2026-04-26T14:52:10.744Z] Admin Query: "Give a short, 1-sentence motivational morning greeting in Hindi (Devanagari). Use any inspiring theme: success, leadership, wisdom, kindness, or global philosophy. Keep it under 15 words and unique every time."
Searching by Name terms: give,short,,1-sentence,motivational,morning,greeting,hindi,(devanagari).,use,any,inspiring,theme:,success,,leadership,,wisdom,,kindness,,global,philosophy.,keep,under,words,and,unique,every,time. -> Found: None

[2026-04-26T14:52:18.716Z] Admin Query: "Give a short, 1-sentence motivational morning greeting in Hindi (Devanagari). Use any inspiring theme: success, leadership, wisdom, kindness, or global philosophy. Keep it under 15 words and unique every time."
Searching by Name terms: give,short,,1-sentence,motivational,morning,greeting,hindi,(devanagari).,use,any,inspiring,theme:,success,,leadership,,wisdom,,kindness,,global,philosophy.,keep,under,words,and,unique,every,time. -> Found: None

[2026-04-26T14:52:32.715Z] Admin Query: "Give a short, 1-sentence motivational morning greeting in Hindi (Devanagari). Use any inspiring theme: success, leadership, wisdom, kindness, or global philosophy. Keep it under 15 words and unique every time."
Searching by Name terms: give,short,,1-sentence,motivational,morning,greeting,hindi,(devanagari).,use,any,inspiring,theme:,success,,leadership,,wisdom,,kindness,,global,philosophy.,keep,under,words,and,unique,every,time. -> Found: None

[2026-04-26T14:52:40.666Z] Admin Query: "Give a short, 1-sentence motivational morning greeting in Hindi (Devanagari). Use any inspiring theme: success, leadership, wisdom, kindness, or global philosophy. Keep it under 15 words and unique every time."
Searching by Name terms: give,short,,1-sentence,motivational,morning,greeting,hindi,(devanagari).,use,any,inspiring,theme:,success,,leadership,,wisdom,,kindness,,global,philosophy.,keep,under,words,and,unique,every,time. -> Found: None

[2026-04-26T14:52:48.670Z] Admin Query: "Give a short, 1-sentence motivational morning greeting in Hindi (Devanagari). Use any inspiring theme: success, leadership, wisdom, kindness, or global philosophy. Keep it under 15 words and unique every time."
Searching by Name terms: give,short,,1-sentence,motivational,morning,greeting,hindi,(devanagari).,use,any,inspiring,theme:,success,,leadership,,wisdom,,kindness,,global,philosophy.,keep,under,words,and,unique,every,time. -> Found: None

[2026-04-26T14:52:54.719Z] Admin Query: "Give a short, 1-sentence motivational morning greeting in Hindi (Devanagari). Use any inspiring theme: success, leadership, wisdom, kindness, or global philosophy. Keep it under 15 words and unique every time."
Searching by Name terms: give,short,,1-sentence,motivational,morning,greeting,hindi,(devanagari).,use,any,inspiring,theme:,success,,leadership,,wisdom,,kindness,,global,philosophy.,keep,under,words,and,unique,every,time. -> Found: None

[2026-04-26T14:53:06.714Z] Admin Query: "Give a short, 1-sentence motivational morning greeting in Hindi (Devanagari). Use any inspiring theme: success, leadership, wisdom, kindness, or global philosophy. Keep it under 15 words and unique every time."
Searching by Name terms: give,short,,1-sentence,motivational,morning,greeting,hindi,(devanagari).,use,any,inspiring,theme:,success,,leadership,,wisdom,,kindness,,global,philosophy.,keep,under,words,and,unique,every,time. -> Found: None

[2026-04-26T14:53:14.726Z] Admin Query: "Give a short, 1-sentence motivational morning greeting in Hindi (Devanagari). Use any inspiring theme: success, leadership, wisdom, kindness, or global philosophy. Keep it under 15 words and unique every time."
Searching by Name terms: give,short,,1-sentence,motivational,morning,greeting,hindi,(devanagari).,use,any,inspiring,theme:,success,,leadership,,wisdom,,kindness,,global,philosophy.,keep,under,words,and,unique,every,time. -> Found: None

[2026-04-26T14:53:26.743Z] Admin Query: "Give a short, 1-sentence motivational morning greeting in Hindi (Devanagari). Use any inspiring theme: success, leadership, wisdom, kindness, or global philosophy. Keep it under 15 words and unique every time."
Searching by Name terms: give,short,,1-sentence,motivational,morning,greeting,hindi,(devanagari).,use,any,inspiring,theme:,success,,leadership,,wisdom,,kindness,,global,philosophy.,keep,under,words,and,unique,every,time. -> Found: None

[2026-04-26T14:53:34.725Z] Admin Query: "Give a short, 1-sentence motivational morning greeting in Hindi (Devanagari). Use any inspiring theme: success, leadership, wisdom, kindness, or global philosophy. Keep it under 15 words and unique every time."
Searching by Name terms: give,short,,1-sentence,motivational,morning,greeting,hindi,(devanagari).,use,any,inspiring,theme:,success,,leadership,,wisdom,,kindness,,global,philosophy.,keep,under,words,and,unique,every,time. -> Found: None

[2026-04-26T14:53:42.697Z] Admin Query: "Give a short, 1-sentence motivational morning greeting in Hindi (Devanagari). Use any inspiring theme: success, leadership, wisdom, kindness, or global philosophy. Keep it under 15 words and unique every time."
Searching by Name terms: give,short,,1-sentence,motivational,morning,greeting,hindi,(devanagari).,use,any,inspiring,theme:,success,,leadership,,wisdom,,kindness,,global,philosophy.,keep,under,words,and,unique,every,time. -> Found: None

[2026-04-26T14:53:48.700Z] Admin Query: "Give a short, 1-sentence motivational morning greeting in Hindi (Devanagari). Use any inspiring theme: success, leadership, wisdom, kindness, or global philosophy. Keep it under 15 words and unique every time."
Searching by Name terms: give,short,,1-sentence,motivational,morning,greeting,hindi,(devanagari).,use,any,inspiring,theme:,success,,leadership,,wisdom,,kindness,,global,philosophy.,keep,under,words,and,unique,every,time. -> Found: None

[2026-04-26T14:53:54.709Z] Admin Query: "Give a short, 1-sentence motivational morning greeting in Hindi (Devanagari). Use any inspiring theme: success, leadership, wisdom, kindness, or global philosophy. Keep it under 15 words and unique every time."
Searching by Name terms: give,short,,1-sentence,motivational,morning,greeting,hindi,(devanagari).,use,any,inspiring,theme:,success,,leadership,,wisdom,,kindness,,global,philosophy.,keep,under,words,and,unique,every,time. -> Found: None

[2026-04-26T14:54:18.272Z] Admin Query: "Give a short, 1-sentence motivational morning greeting in Hindi (Devanagari). Use any inspiring theme: success, leadership, wisdom, kindness, or global philosophy. Keep it under 15 words and unique every time."
Searching by Name terms: give,short,,1-sentence,motivational,morning,greeting,hindi,(devanagari).,use,any,inspiring,theme:,success,,leadership,,wisdom,,kindness,,global,philosophy.,keep,under,words,and,unique,every,time. -> Found: None

[2026-04-26T14:54:24.288Z] Admin Query: "Give a short, 1-sentence motivational morning greeting in Hindi (Devanagari). Use any inspiring theme: success, leadership, wisdom, kindness, or global philosophy. Keep it under 15 words and unique every time."
Searching by Name terms: give,short,,1-sentence,motivational,morning,greeting,hindi,(devanagari).,use,any,inspiring,theme:,success,,leadership,,wisdom,,kindness,,global,philosophy.,keep,under,words,and,unique,every,time. -> Found: None

[2026-04-26T14:54:30.320Z] Admin Query: "Give a short, 1-sentence motivational morning greeting in Hindi (Devanagari). Use any inspiring theme: success, leadership, wisdom, kindness, or global philosophy. Keep it under 15 words and unique every time."
Searching by Name terms: give,short,,1-sentence,motivational,morning,greeting,hindi,(devanagari).,use,any,inspiring,theme:,success,,leadership,,wisdom,,kindness,,global,philosophy.,keep,under,words,and,unique,every,time. -> Found: None

[2026-04-26T14:54:36.322Z] Admin Query: "Give a short, 1-sentence motivational morning greeting in Hindi (Devanagari). Use any inspiring theme: success, leadership, wisdom, kindness, or global philosophy. Keep it under 15 words and unique every time."
Searching by Name terms: give,short,,1-sentence,motivational,morning,greeting,hindi,(devanagari).,use,any,inspiring,theme:,success,,leadership,,wisdom,,kindness,,global,philosophy.,keep,under,words,and,unique,every,time. -> Found: None

[2026-04-26T14:54:44.282Z] Admin Query: "Give a short, 1-sentence motivational morning greeting in Hindi (Devanagari). Use any inspiring theme: success, leadership, wisdom, kindness, or global philosophy. Keep it under 15 words and unique every time."
Searching by Name terms: give,short,,1-sentence,motivational,morning,greeting,hindi,(devanagari).,use,any,inspiring,theme:,success,,leadership,,wisdom,,kindness,,global,philosophy.,keep,under,words,and,unique,every,time. -> Found: None

[2026-04-26T14:55:36.644Z] Admin Query: "Give a short, 1-sentence motivational morning greeting in Hindi (Devanagari). Use any inspiring theme: success, leadership, wisdom, kindness, or global philosophy. Keep it under 15 words and unique every time."
Searching by Name terms: give,short,,1-sentence,motivational,morning,greeting,hindi,(devanagari).,use,any,inspiring,theme:,success,,leadership,,wisdom,,kindness,,global,philosophy.,keep,under,words,and,unique,every,time. -> Found: None

[2026-04-26T14:56:06.325Z] Admin Query: "Give a short, 1-sentence motivational morning greeting in Hindi (Devanagari). Use any inspiring theme: success, leadership, wisdom, kindness, or global philosophy. Keep it under 15 words and unique every time."
Searching by Name terms: give,short,,1-sentence,motivational,morning,greeting,hindi,(devanagari).,use,any,inspiring,theme:,success,,leadership,,wisdom,,kindness,,global,philosophy.,keep,under,words,and,unique,every,time. -> Found: None

[2026-04-26T14:56:14.631Z] Admin Query: "Give a short, 1-sentence motivational morning greeting in Hindi (Devanagari). Use any inspiring theme: success, leadership, wisdom, kindness, or global philosophy. Keep it under 15 words and unique every time."
Searching by Name terms: give,short,,1-sentence,motivational,morning,greeting,hindi,(devanagari).,use,any,inspiring,theme:,success,,leadership,,wisdom,,kindness,,global,philosophy.,keep,under,words,and,unique,every,time. -> Found: None

[2026-04-26T14:56:22.303Z] Admin Query: "Give a short, 1-sentence motivational morning greeting in Hindi (Devanagari). Use any inspiring theme: success, leadership, wisdom, kindness, or global philosophy. Keep it under 15 words and unique every time."
Searching by Name terms: give,short,,1-sentence,motivational,morning,greeting,hindi,(devanagari).,use,any,inspiring,theme:,success,,leadership,,wisdom,,kindness,,global,philosophy.,keep,under,words,and,unique,every,time. -> Found: None

[2026-04-26T14:56:30.588Z] Admin Query: "Give a short, 1-sentence motivational morning greeting in Hindi (Devanagari). Use any inspiring theme: success, leadership, wisdom, kindness, or global philosophy. Keep it under 15 words and unique every time."
Searching by Name terms: give,short,,1-sentence,motivational,morning,greeting,hindi,(devanagari).,use,any,inspiring,theme:,success,,leadership,,wisdom,,kindness,,global,philosophy.,keep,under,words,and,unique,every,time. -> Found: None

[2026-04-26T14:56:36.302Z] Admin Query: "Give a short, 1-sentence motivational morning greeting in Hindi (Devanagari). Use any inspiring theme: success, leadership, wisdom, kindness, or global philosophy. Keep it under 15 words and unique every time."
Searching by Name terms: give,short,,1-sentence,motivational,morning,greeting,hindi,(devanagari).,use,any,inspiring,theme:,success,,leadership,,wisdom,,kindness,,global,philosophy.,keep,under,words,and,unique,every,time. -> Found: None

[2026-04-26T14:56:48.640Z] Admin Query: "Give a short, 1-sentence motivational morning greeting in Hindi (Devanagari). Use any inspiring theme: success, leadership, wisdom, kindness, or global philosophy. Keep it under 15 words and unique every time."
Searching by Name terms: give,short,,1-sentence,motivational,morning,greeting,hindi,(devanagari).,use,any,inspiring,theme:,success,,leadership,,wisdom,,kindness,,global,philosophy.,keep,under,words,and,unique,every,time. -> Found: None

[2026-04-26T14:57:16.288Z] Admin Query: "Give a short, 1-sentence motivational morning greeting in Hindi (Devanagari). Use any inspiring theme: success, leadership, wisdom, kindness, or global philosophy. Keep it under 15 words and unique every time."
Searching by Name terms: give,short,,1-sentence,motivational,morning,greeting,hindi,(devanagari).,use,any,inspiring,theme:,success,,leadership,,wisdom,,kindness,,global,philosophy.,keep,under,words,and,unique,every,time. -> Found: None

[2026-04-26T14:57:24.311Z] Admin Query: "Give a short, 1-sentence motivational morning greeting in Hindi (Devanagari). Use any inspiring theme: success, leadership, wisdom, kindness, or global philosophy. Keep it under 15 words and unique every time."
Searching by Name terms: give,short,,1-sentence,motivational,morning,greeting,hindi,(devanagari).,use,any,inspiring,theme:,success,,leadership,,wisdom,,kindness,,global,philosophy.,keep,under,words,and,unique,every,time. -> Found: None

[2026-04-26T14:57:36.632Z] Admin Query: "Give a short, 1-sentence motivational morning greeting in Hindi (Devanagari). Use any inspiring theme: success, leadership, wisdom, kindness, or global philosophy. Keep it under 15 words and unique every time."
Searching by Name terms: give,short,,1-sentence,motivational,morning,greeting,hindi,(devanagari).,use,any,inspiring,theme:,success,,leadership,,wisdom,,kindness,,global,philosophy.,keep,under,words,and,unique,every,time. -> Found: None

[2026-04-26T14:58:24.294Z] Admin Query: "Give a short, 1-sentence motivational morning greeting in Hindi (Devanagari). Use any inspiring theme: success, leadership, wisdom, kindness, or global philosophy. Keep it under 15 words and unique every time."
Searching by Name terms: give,short,,1-sentence,motivational,morning,greeting,hindi,(devanagari).,use,any,inspiring,theme:,success,,leadership,,wisdom,,kindness,,global,philosophy.,keep,under,words,and,unique,every,time. -> Found: None

[2026-04-26T14:58:30.310Z] Admin Query: "Give a short, 1-sentence motivational morning greeting in Hindi (Devanagari). Use any inspiring theme: success, leadership, wisdom, kindness, or global philosophy. Keep it under 15 words and unique every time."
Searching by Name terms: give,short,,1-sentence,motivational,morning,greeting,hindi,(devanagari).,use,any,inspiring,theme:,success,,leadership,,wisdom,,kindness,,global,philosophy.,keep,under,words,and,unique,every,time. -> Found: None

[2026-04-26T14:58:38.311Z] Admin Query: "Give a short, 1-sentence motivational morning greeting in Hindi (Devanagari). Use any inspiring theme: success, leadership, wisdom, kindness, or global philosophy. Keep it under 15 words and unique every time."
Searching by Name terms: give,short,,1-sentence,motivational,morning,greeting,hindi,(devanagari).,use,any,inspiring,theme:,success,,leadership,,wisdom,,kindness,,global,philosophy.,keep,under,words,and,unique,every,time. -> Found: None

[2026-04-26T14:58:46.324Z] Admin Query: "Give a short, 1-sentence motivational morning greeting in Hindi (Devanagari). Use any inspiring theme: success, leadership, wisdom, kindness, or global philosophy. Keep it under 15 words and unique every time."
Searching by Name terms: give,short,,1-sentence,motivational,morning,greeting,hindi,(devanagari).,use,any,inspiring,theme:,success,,leadership,,wisdom,,kindness,,global,philosophy.,keep,under,words,and,unique,every,time. -> Found: None

[2026-04-26T14:58:54.307Z] Admin Query: "Give a short, 1-sentence motivational morning greeting in Hindi (Devanagari). Use any inspiring theme: success, leadership, wisdom, kindness, or global philosophy. Keep it under 15 words and unique every time."
Searching by Name terms: give,short,,1-sentence,motivational,morning,greeting,hindi,(devanagari).,use,any,inspiring,theme:,success,,leadership,,wisdom,,kindness,,global,philosophy.,keep,under,words,and,unique,every,time. -> Found: None

[2026-04-26T14:59:02.326Z] Admin Query: "Give a short, 1-sentence motivational morning greeting in Hindi (Devanagari). Use any inspiring theme: success, leadership, wisdom, kindness, or global philosophy. Keep it under 15 words and unique every time."
Searching by Name terms: give,short,,1-sentence,motivational,morning,greeting,hindi,(devanagari).,use,any,inspiring,theme:,success,,leadership,,wisdom,,kindness,,global,philosophy.,keep,under,words,and,unique,every,time. -> Found: None

[2026-04-26T14:59:08.330Z] Admin Query: "Give a short, 1-sentence motivational morning greeting in Hindi (Devanagari). Use any inspiring theme: success, leadership, wisdom, kindness, or global philosophy. Keep it under 15 words and unique every time."
Searching by Name terms: give,short,,1-sentence,motivational,morning,greeting,hindi,(devanagari).,use,any,inspiring,theme:,success,,leadership,,wisdom,,kindness,,global,philosophy.,keep,under,words,and,unique,every,time. -> Found: None

[2026-04-26T14:59:16.306Z] Admin Query: "Give a short, 1-sentence motivational morning greeting in Hindi (Devanagari). Use any inspiring theme: success, leadership, wisdom, kindness, or global philosophy. Keep it under 15 words and unique every time."
Searching by Name terms: give,short,,1-sentence,motivational,morning,greeting,hindi,(devanagari).,use,any,inspiring,theme:,success,,leadership,,wisdom,,kindness,,global,philosophy.,keep,under,words,and,unique,every,time. -> Found: None

[2026-04-26T14:59:24.304Z] Admin Query: "Give a short, 1-sentence motivational morning greeting in Hindi (Devanagari). Use any inspiring theme: success, leadership, wisdom, kindness, or global philosophy. Keep it under 15 words and unique every time."
Searching by Name terms: give,short,,1-sentence,motivational,morning,greeting,hindi,(devanagari).,use,any,inspiring,theme:,success,,leadership,,wisdom,,kindness,,global,philosophy.,keep,under,words,and,unique,every,time. -> Found: None

[2026-04-26T14:59:44.614Z] Admin Query: "Give a short, 1-sentence motivational morning greeting in Hindi (Devanagari). Use any inspiring theme: success, leadership, wisdom, kindness, or global philosophy. Keep it under 15 words and unique every time."
Searching by Name terms: give,short,,1-sentence,motivational,morning,greeting,hindi,(devanagari).,use,any,inspiring,theme:,success,,leadership,,wisdom,,kindness,,global,philosophy.,keep,under,words,and,unique,every,time. -> Found: None

[2026-04-26T14:59:58.276Z] Admin Query: "Give a short, 1-sentence motivational morning greeting in Hindi (Devanagari). Use any inspiring theme: success, leadership, wisdom, kindness, or global philosophy. Keep it under 15 words and unique every time."
Searching by Name terms: give,short,,1-sentence,motivational,morning,greeting,hindi,(devanagari).,use,any,inspiring,theme:,success,,leadership,,wisdom,,kindness,,global,philosophy.,keep,under,words,and,unique,every,time. -> Found: None

[2026-04-26T15:00:04.286Z] Admin Query: "Give a short, 1-sentence motivational morning greeting in Hindi (Devanagari). Use any inspiring theme: success, leadership, wisdom, kindness, or global philosophy. Keep it under 15 words and unique every time."
Searching by Name terms: give,short,,1-sentence,motivational,morning,greeting,hindi,(devanagari).,use,any,inspiring,theme:,success,,leadership,,wisdom,,kindness,,global,philosophy.,keep,under,words,and,unique,every,time. -> Found: None

[2026-04-26T15:00:10.316Z] Admin Query: "Give a short, 1-sentence motivational morning greeting in Hindi (Devanagari). Use any inspiring theme: success, leadership, wisdom, kindness, or global philosophy. Keep it under 15 words and unique every time."
Searching by Name terms: give,short,,1-sentence,motivational,morning,greeting,hindi,(devanagari).,use,any,inspiring,theme:,success,,leadership,,wisdom,,kindness,,global,philosophy.,keep,under,words,and,unique,every,time. -> Found: None

[2026-04-26T15:00:18.267Z] Admin Query: "Give a short, 1-sentence motivational morning greeting in Hindi (Devanagari). Use any inspiring theme: success, leadership, wisdom, kindness, or global philosophy. Keep it under 15 words and unique every time."
Searching by Name terms: give,short,,1-sentence,motivational,morning,greeting,hindi,(devanagari).,use,any,inspiring,theme:,success,,leadership,,wisdom,,kindness,,global,philosophy.,keep,under,words,and,unique,every,time. -> Found: None

[2026-04-26T15:00:24.318Z] Admin Query: "Give a short, 1-sentence motivational morning greeting in Hindi (Devanagari). Use any inspiring theme: success, leadership, wisdom, kindness, or global philosophy. Keep it under 15 words and unique every time."
Searching by Name terms: give,short,,1-sentence,motivational,morning,greeting,hindi,(devanagari).,use,any,inspiring,theme:,success,,leadership,,wisdom,,kindness,,global,philosophy.,keep,under,words,and,unique,every,time. -> Found: None

[2026-04-26T15:00:32.285Z] Admin Query: "Give a short, 1-sentence motivational morning greeting in Hindi (Devanagari). Use any inspiring theme: success, leadership, wisdom, kindness, or global philosophy. Keep it under 15 words and unique every time."
Searching by Name terms: give,short,,1-sentence,motivational,morning,greeting,hindi,(devanagari).,use,any,inspiring,theme:,success,,leadership,,wisdom,,kindness,,global,philosophy.,keep,under,words,and,unique,every,time. -> Found: None

[2026-04-26T15:00:38.298Z] Admin Query: "Give a short, 1-sentence motivational morning greeting in Hindi (Devanagari). Use any inspiring theme: success, leadership, wisdom, kindness, or global philosophy. Keep it under 15 words and unique every time."
Searching by Name terms: give,short,,1-sentence,motivational,morning,greeting,hindi,(devanagari).,use,any,inspiring,theme:,success,,leadership,,wisdom,,kindness,,global,philosophy.,keep,under,words,and,unique,every,time. -> Found: None

[2026-04-26T15:00:44.311Z] Admin Query: "Give a short, 1-sentence motivational morning greeting in Hindi (Devanagari). Use any inspiring theme: success, leadership, wisdom, kindness, or global philosophy. Keep it under 15 words and unique every time."
Searching by Name terms: give,short,,1-sentence,motivational,morning,greeting,hindi,(devanagari).,use,any,inspiring,theme:,success,,leadership,,wisdom,,kindness,,global,philosophy.,keep,under,words,and,unique,every,time. -> Found: None

[2026-04-26T15:00:52.311Z] Admin Query: "Give a short, 1-sentence motivational morning greeting in Hindi (Devanagari). Use any inspiring theme: success, leadership, wisdom, kindness, or global philosophy. Keep it under 15 words and unique every time."
Searching by Name terms: give,short,,1-sentence,motivational,morning,greeting,hindi,(devanagari).,use,any,inspiring,theme:,success,,leadership,,wisdom,,kindness,,global,philosophy.,keep,under,words,and,unique,every,time. -> Found: None

[2026-04-26T15:01:00.347Z] Admin Query: "Give a short, 1-sentence motivational morning greeting in Hindi (Devanagari). Use any inspiring theme: success, leadership, wisdom, kindness, or global philosophy. Keep it under 15 words and unique every time."
Searching by Name terms: give,short,,1-sentence,motivational,morning,greeting,hindi,(devanagari).,use,any,inspiring,theme:,success,,leadership,,wisdom,,kindness,,global,philosophy.,keep,under,words,and,unique,every,time. -> Found: None

[2026-04-26T15:01:08.344Z] Admin Query: "Give a short, 1-sentence motivational morning greeting in Hindi (Devanagari). Use any inspiring theme: success, leadership, wisdom, kindness, or global philosophy. Keep it under 15 words and unique every time."
Searching by Name terms: give,short,,1-sentence,motivational,morning,greeting,hindi,(devanagari).,use,any,inspiring,theme:,success,,leadership,,wisdom,,kindness,,global,philosophy.,keep,under,words,and,unique,every,time. -> Found: None

[2026-04-26T15:01:16.596Z] Admin Query: "Give a short, 1-sentence motivational morning greeting in Hindi (Devanagari). Use any inspiring theme: success, leadership, wisdom, kindness, or global philosophy. Keep it under 15 words and unique every time."
Searching by Name terms: give,short,,1-sentence,motivational,morning,greeting,hindi,(devanagari).,use,any,inspiring,theme:,success,,leadership,,wisdom,,kindness,,global,philosophy.,keep,under,words,and,unique,every,time. -> Found: None

[2026-04-26T15:01:42.599Z] Admin Query: "Give a short, 1-sentence motivational morning greeting in Hindi (Devanagari). Use any inspiring theme: success, leadership, wisdom, kindness, or global philosophy. Keep it under 15 words and unique every time."
Searching by Name terms: give,short,,1-sentence,motivational,morning,greeting,hindi,(devanagari).,use,any,inspiring,theme:,success,,leadership,,wisdom,,kindness,,global,philosophy.,keep,under,words,and,unique,every,time. -> Found: None

[2026-04-26T15:01:50.276Z] Admin Query: "Give a short, 1-sentence motivational morning greeting in Hindi (Devanagari). Use any inspiring theme: success, leadership, wisdom, kindness, or global philosophy. Keep it under 15 words and unique every time."
Searching by Name terms: give,short,,1-sentence,motivational,morning,greeting,hindi,(devanagari).,use,any,inspiring,theme:,success,,leadership,,wisdom,,kindness,,global,philosophy.,keep,under,words,and,unique,every,time. -> Found: None

[2026-04-26T15:01:56.309Z] Admin Query: "Give a short, 1-sentence motivational morning greeting in Hindi (Devanagari). Use any inspiring theme: success, leadership, wisdom, kindness, or global philosophy. Keep it under 15 words and unique every time."
Searching by Name terms: give,short,,1-sentence,motivational,morning,greeting,hindi,(devanagari).,use,any,inspiring,theme:,success,,leadership,,wisdom,,kindness,,global,philosophy.,keep,under,words,and,unique,every,time. -> Found: None

[2026-04-26T15:02:02.328Z] Admin Query: "Give a short, 1-sentence motivational morning greeting in Hindi (Devanagari). Use any inspiring theme: success, leadership, wisdom, kindness, or global philosophy. Keep it under 15 words and unique every time."
Searching by Name terms: give,short,,1-sentence,motivational,morning,greeting,hindi,(devanagari).,use,any,inspiring,theme:,success,,leadership,,wisdom,,kindness,,global,philosophy.,keep,under,words,and,unique,every,time. -> Found: None

[2026-04-26T15:02:10.309Z] Admin Query: "Give a short, 1-sentence motivational morning greeting in Hindi (Devanagari). Use any inspiring theme: success, leadership, wisdom, kindness, or global philosophy. Keep it under 15 words and unique every time."
Searching by Name terms: give,short,,1-sentence,motivational,morning,greeting,hindi,(devanagari).,use,any,inspiring,theme:,success,,leadership,,wisdom,,kindness,,global,philosophy.,keep,under,words,and,unique,every,time. -> Found: None

[2026-04-26T15:02:16.329Z] Admin Query: "Give a short, 1-sentence motivational morning greeting in Hindi (Devanagari). Use any inspiring theme: success, leadership, wisdom, kindness, or global philosophy. Keep it under 15 words and unique every time."
Searching by Name terms: give,short,,1-sentence,motivational,morning,greeting,hindi,(devanagari).,use,any,inspiring,theme:,success,,leadership,,wisdom,,kindness,,global,philosophy.,keep,under,words,and,unique,every,time. -> Found: None

[2026-04-26T15:02:24.335Z] Admin Query: "Give a short, 1-sentence motivational morning greeting in Hindi (Devanagari). Use any inspiring theme: success, leadership, wisdom, kindness, or global philosophy. Keep it under 15 words and unique every time."
Searching by Name terms: give,short,,1-sentence,motivational,morning,greeting,hindi,(devanagari).,use,any,inspiring,theme:,success,,leadership,,wisdom,,kindness,,global,philosophy.,keep,under,words,and,unique,every,time. -> Found: None

[2026-04-26T15:02:32.323Z] Admin Query: "Give a short, 1-sentence motivational morning greeting in Hindi (Devanagari). Use any inspiring theme: success, leadership, wisdom, kindness, or global philosophy. Keep it under 15 words and unique every time."
Searching by Name terms: give,short,,1-sentence,motivational,morning,greeting,hindi,(devanagari).,use,any,inspiring,theme:,success,,leadership,,wisdom,,kindness,,global,philosophy.,keep,under,words,and,unique,every,time. -> Found: None

[2026-04-26T15:02:42.308Z] Admin Query: "Give a short, 1-sentence motivational morning greeting in Hindi (Devanagari). Use any inspiring theme: success, leadership, wisdom, kindness, or global philosophy. Keep it under 15 words and unique every time."
Searching by Name terms: give,short,,1-sentence,motivational,morning,greeting,hindi,(devanagari).,use,any,inspiring,theme:,success,,leadership,,wisdom,,kindness,,global,philosophy.,keep,under,words,and,unique,every,time. -> Found: None

[2026-04-26T15:02:48.322Z] Admin Query: "Give a short, 1-sentence motivational morning greeting in Hindi (Devanagari). Use any inspiring theme: success, leadership, wisdom, kindness, or global philosophy. Keep it under 15 words and unique every time."
Searching by Name terms: give,short,,1-sentence,motivational,morning,greeting,hindi,(devanagari).,use,any,inspiring,theme:,success,,leadership,,wisdom,,kindness,,global,philosophy.,keep,under,words,and,unique,every,time. -> Found: None

[2026-04-26T15:02:56.617Z] Admin Query: "Give a short, 1-sentence motivational morning greeting in Hindi (Devanagari). Use any inspiring theme: success, leadership, wisdom, kindness, or global philosophy. Keep it under 15 words and unique every time."
Searching by Name terms: give,short,,1-sentence,motivational,morning,greeting,hindi,(devanagari).,use,any,inspiring,theme:,success,,leadership,,wisdom,,kindness,,global,philosophy.,keep,under,words,and,unique,every,time. -> Found: None

[2026-04-26T15:03:04.308Z] Admin Query: "Give a short, 1-sentence motivational morning greeting in Hindi (Devanagari). Use any inspiring theme: success, leadership, wisdom, kindness, or global philosophy. Keep it under 15 words and unique every time."
Searching by Name terms: give,short,,1-sentence,motivational,morning,greeting,hindi,(devanagari).,use,any,inspiring,theme:,success,,leadership,,wisdom,,kindness,,global,philosophy.,keep,under,words,and,unique,every,time. -> Found: None

[2026-04-26T15:03:10.319Z] Admin Query: "Give a short, 1-sentence motivational morning greeting in Hindi (Devanagari). Use any inspiring theme: success, leadership, wisdom, kindness, or global philosophy. Keep it under 15 words and unique every time."
Searching by Name terms: give,short,,1-sentence,motivational,morning,greeting,hindi,(devanagari).,use,any,inspiring,theme:,success,,leadership,,wisdom,,kindness,,global,philosophy.,keep,under,words,and,unique,every,time. -> Found: None

[2026-04-26T15:03:18.269Z] Admin Query: "Give a short, 1-sentence motivational morning greeting in Hindi (Devanagari). Use any inspiring theme: success, leadership, wisdom, kindness, or global philosophy. Keep it under 15 words and unique every time."
Searching by Name terms: give,short,,1-sentence,motivational,morning,greeting,hindi,(devanagari).,use,any,inspiring,theme:,success,,leadership,,wisdom,,kindness,,global,philosophy.,keep,under,words,and,unique,every,time. -> Found: None

[2026-04-26T15:03:24.318Z] Admin Query: "Give a short, 1-sentence motivational morning greeting in Hindi (Devanagari). Use any inspiring theme: success, leadership, wisdom, kindness, or global philosophy. Keep it under 15 words and unique every time."
Searching by Name terms: give,short,,1-sentence,motivational,morning,greeting,hindi,(devanagari).,use,any,inspiring,theme:,success,,leadership,,wisdom,,kindness,,global,philosophy.,keep,under,words,and,unique,every,time. -> Found: None

[2026-04-26T15:03:38.636Z] Admin Query: "Give a short, 1-sentence motivational morning greeting in Hindi (Devanagari). Use any inspiring theme: success, leadership, wisdom, kindness, or global philosophy. Keep it under 15 words and unique every time."
Searching by Name terms: give,short,,1-sentence,motivational,morning,greeting,hindi,(devanagari).,use,any,inspiring,theme:,success,,leadership,,wisdom,,kindness,,global,philosophy.,keep,under,words,and,unique,every,time. -> Found: None

[2026-04-26T15:03:44.317Z] Admin Query: "Give a short, 1-sentence motivational morning greeting in Hindi (Devanagari). Use any inspiring theme: success, leadership, wisdom, kindness, or global philosophy. Keep it under 15 words and unique every time."
Searching by Name terms: give,short,,1-sentence,motivational,morning,greeting,hindi,(devanagari).,use,any,inspiring,theme:,success,,leadership,,wisdom,,kindness,,global,philosophy.,keep,under,words,and,unique,every,time. -> Found: None

[2026-04-26T15:03:52.317Z] Admin Query: "Give a short, 1-sentence motivational morning greeting in Hindi (Devanagari). Use any inspiring theme: success, leadership, wisdom, kindness, or global philosophy. Keep it under 15 words and unique every time."
Searching by Name terms: give,short,,1-sentence,motivational,morning,greeting,hindi,(devanagari).,use,any,inspiring,theme:,success,,leadership,,wisdom,,kindness,,global,philosophy.,keep,under,words,and,unique,every,time. -> Found: None

[2026-04-26T15:04:12.285Z] Admin Query: "Give a short, 1-sentence motivational morning greeting in Hindi (Devanagari). Use any inspiring theme: success, leadership, wisdom, kindness, or global philosophy. Keep it under 15 words and unique every time."
Searching by Name terms: give,short,,1-sentence,motivational,morning,greeting,hindi,(devanagari).,use,any,inspiring,theme:,success,,leadership,,wisdom,,kindness,,global,philosophy.,keep,under,words,and,unique,every,time. -> Found: None

[2026-04-26T15:04:24.618Z] Admin Query: "Give a short, 1-sentence motivational morning greeting in Hindi (Devanagari). Use any inspiring theme: success, leadership, wisdom, kindness, or global philosophy. Keep it under 15 words and unique every time."
Searching by Name terms: give,short,,1-sentence,motivational,morning,greeting,hindi,(devanagari).,use,any,inspiring,theme:,success,,leadership,,wisdom,,kindness,,global,philosophy.,keep,under,words,and,unique,every,time. -> Found: None

[2026-04-26T15:04:32.237Z] Admin Query: "Give a short, 1-sentence motivational morning greeting in Hindi (Devanagari). Use any inspiring theme: success, leadership, wisdom, kindness, or global philosophy. Keep it under 15 words and unique every time."
Searching by Name terms: give,short,,1-sentence,motivational,morning,greeting,hindi,(devanagari).,use,any,inspiring,theme:,success,,leadership,,wisdom,,kindness,,global,philosophy.,keep,under,words,and,unique,every,time. -> Found: None

[2026-04-26T15:04:38.280Z] Admin Query: "Give a short, 1-sentence motivational morning greeting in Hindi (Devanagari). Use any inspiring theme: success, leadership, wisdom, kindness, or global philosophy. Keep it under 15 words and unique every time."
Searching by Name terms: give,short,,1-sentence,motivational,morning,greeting,hindi,(devanagari).,use,any,inspiring,theme:,success,,leadership,,wisdom,,kindness,,global,philosophy.,keep,under,words,and,unique,every,time. -> Found: None

[2026-04-26T15:04:46.307Z] Admin Query: "Give a short, 1-sentence motivational morning greeting in Hindi (Devanagari). Use any inspiring theme: success, leadership, wisdom, kindness, or global philosophy. Keep it under 15 words and unique every time."
Searching by Name terms: give,short,,1-sentence,motivational,morning,greeting,hindi,(devanagari).,use,any,inspiring,theme:,success,,leadership,,wisdom,,kindness,,global,philosophy.,keep,under,words,and,unique,every,time. -> Found: None

[2026-04-26T15:04:52.311Z] Admin Query: "Give a short, 1-sentence motivational morning greeting in Hindi (Devanagari). Use any inspiring theme: success, leadership, wisdom, kindness, or global philosophy. Keep it under 15 words and unique every time."
Searching by Name terms: give,short,,1-sentence,motivational,morning,greeting,hindi,(devanagari).,use,any,inspiring,theme:,success,,leadership,,wisdom,,kindness,,global,philosophy.,keep,under,words,and,unique,every,time. -> Found: None

[2026-04-26T15:05:00.329Z] Admin Query: "Give a short, 1-sentence motivational morning greeting in Hindi (Devanagari). Use any inspiring theme: success, leadership, wisdom, kindness, or global philosophy. Keep it under 15 words and unique every time."
Searching by Name terms: give,short,,1-sentence,motivational,morning,greeting,hindi,(devanagari).,use,any,inspiring,theme:,success,,leadership,,wisdom,,kindness,,global,philosophy.,keep,under,words,and,unique,every,time. -> Found: None

[2026-04-26T15:05:08.613Z] Admin Query: "Give a short, 1-sentence motivational morning greeting in Hindi (Devanagari). Use any inspiring theme: success, leadership, wisdom, kindness, or global philosophy. Keep it under 15 words and unique every time."
Searching by Name terms: give,short,,1-sentence,motivational,morning,greeting,hindi,(devanagari).,use,any,inspiring,theme:,success,,leadership,,wisdom,,kindness,,global,philosophy.,keep,under,words,and,unique,every,time. -> Found: None

[2026-04-26T15:05:14.310Z] Admin Query: "Give a short, 1-sentence motivational morning greeting in Hindi (Devanagari). Use any inspiring theme: success, leadership, wisdom, kindness, or global philosophy. Keep it under 15 words and unique every time."
Searching by Name terms: give,short,,1-sentence,motivational,morning,greeting,hindi,(devanagari).,use,any,inspiring,theme:,success,,leadership,,wisdom,,kindness,,global,philosophy.,keep,under,words,and,unique,every,time. -> Found: None

[2026-04-26T15:05:22.596Z] Admin Query: "Give a short, 1-sentence motivational morning greeting in Hindi (Devanagari). Use any inspiring theme: success, leadership, wisdom, kindness, or global philosophy. Keep it under 15 words and unique every time."
Searching by Name terms: give,short,,1-sentence,motivational,morning,greeting,hindi,(devanagari).,use,any,inspiring,theme:,success,,leadership,,wisdom,,kindness,,global,philosophy.,keep,under,words,and,unique,every,time. -> Found: None

[2026-04-26T15:05:28.320Z] Admin Query: "Give a short, 1-sentence motivational morning greeting in Hindi (Devanagari). Use any inspiring theme: success, leadership, wisdom, kindness, or global philosophy. Keep it under 15 words and unique every time."
Searching by Name terms: give,short,,1-sentence,motivational,morning,greeting,hindi,(devanagari).,use,any,inspiring,theme:,success,,leadership,,wisdom,,kindness,,global,philosophy.,keep,under,words,and,unique,every,time. -> Found: None

[2026-04-26T15:05:34.343Z] Admin Query: "Give a short, 1-sentence motivational morning greeting in Hindi (Devanagari). Use any inspiring theme: success, leadership, wisdom, kindness, or global philosophy. Keep it under 15 words and unique every time."
Searching by Name terms: give,short,,1-sentence,motivational,morning,greeting,hindi,(devanagari).,use,any,inspiring,theme:,success,,leadership,,wisdom,,kindness,,global,philosophy.,keep,under,words,and,unique,every,time. -> Found: None

[2026-04-26T15:05:42.318Z] Admin Query: "Give a short, 1-sentence motivational morning greeting in Hindi (Devanagari). Use any inspiring theme: success, leadership, wisdom, kindness, or global philosophy. Keep it under 15 words and unique every time."
Searching by Name terms: give,short,,1-sentence,motivational,morning,greeting,hindi,(devanagari).,use,any,inspiring,theme:,success,,leadership,,wisdom,,kindness,,global,philosophy.,keep,under,words,and,unique,every,time. -> Found: None

[2026-04-26T15:05:48.319Z] Admin Query: "Give a short, 1-sentence motivational morning greeting in Hindi (Devanagari). Use any inspiring theme: success, leadership, wisdom, kindness, or global philosophy. Keep it under 15 words and unique every time."
Searching by Name terms: give,short,,1-sentence,motivational,morning,greeting,hindi,(devanagari).,use,any,inspiring,theme:,success,,leadership,,wisdom,,kindness,,global,philosophy.,keep,under,words,and,unique,every,time. -> Found: None

[2026-04-26T15:05:56.305Z] Admin Query: "Give a short, 1-sentence motivational morning greeting in Hindi (Devanagari). Use any inspiring theme: success, leadership, wisdom, kindness, or global philosophy. Keep it under 15 words and unique every time."
Searching by Name terms: give,short,,1-sentence,motivational,morning,greeting,hindi,(devanagari).,use,any,inspiring,theme:,success,,leadership,,wisdom,,kindness,,global,philosophy.,keep,under,words,and,unique,every,time. -> Found: None

[2026-04-26T15:06:04.321Z] Admin Query: "Give a short, 1-sentence motivational morning greeting in Hindi (Devanagari). Use any inspiring theme: success, leadership, wisdom, kindness, or global philosophy. Keep it under 15 words and unique every time."
Searching by Name terms: give,short,,1-sentence,motivational,morning,greeting,hindi,(devanagari).,use,any,inspiring,theme:,success,,leadership,,wisdom,,kindness,,global,philosophy.,keep,under,words,and,unique,every,time. -> Found: None

[2026-04-26T15:06:12.299Z] Admin Query: "Give a short, 1-sentence motivational morning greeting in Hindi (Devanagari). Use any inspiring theme: success, leadership, wisdom, kindness, or global philosophy. Keep it under 15 words and unique every time."
Searching by Name terms: give,short,,1-sentence,motivational,morning,greeting,hindi,(devanagari).,use,any,inspiring,theme:,success,,leadership,,wisdom,,kindness,,global,philosophy.,keep,under,words,and,unique,every,time. -> Found: None

[2026-04-26T15:06:20.322Z] Admin Query: "Give a short, 1-sentence motivational morning greeting in Hindi (Devanagari). Use any inspiring theme: success, leadership, wisdom, kindness, or global philosophy. Keep it under 15 words and unique every time."
Searching by Name terms: give,short,,1-sentence,motivational,morning,greeting,hindi,(devanagari).,use,any,inspiring,theme:,success,,leadership,,wisdom,,kindness,,global,philosophy.,keep,under,words,and,unique,every,time. -> Found: None

[2026-04-26T15:06:28.286Z] Admin Query: "Give a short, 1-sentence motivational morning greeting in Hindi (Devanagari). Use any inspiring theme: success, leadership, wisdom, kindness, or global philosophy. Keep it under 15 words and unique every time."
Searching by Name terms: give,short,,1-sentence,motivational,morning,greeting,hindi,(devanagari).,use,any,inspiring,theme:,success,,leadership,,wisdom,,kindness,,global,philosophy.,keep,under,words,and,unique,every,time. -> Found: None

[2026-04-26T15:06:34.625Z] Admin Query: "Give a short, 1-sentence motivational morning greeting in Hindi (Devanagari). Use any inspiring theme: success, leadership, wisdom, kindness, or global philosophy. Keep it under 15 words and unique every time."
Searching by Name terms: give,short,,1-sentence,motivational,morning,greeting,hindi,(devanagari).,use,any,inspiring,theme:,success,,leadership,,wisdom,,kindness,,global,philosophy.,keep,under,words,and,unique,every,time. -> Found: None

[2026-04-26T15:06:42.317Z] Admin Query: "Give a short, 1-sentence motivational morning greeting in Hindi (Devanagari). Use any inspiring theme: success, leadership, wisdom, kindness, or global philosophy. Keep it under 15 words and unique every time."
Searching by Name terms: give,short,,1-sentence,motivational,morning,greeting,hindi,(devanagari).,use,any,inspiring,theme:,success,,leadership,,wisdom,,kindness,,global,philosophy.,keep,under,words,and,unique,every,time. -> Found: None

[2026-04-26T15:06:48.319Z] Admin Query: "Give a short, 1-sentence motivational morning greeting in Hindi (Devanagari). Use any inspiring theme: success, leadership, wisdom, kindness, or global philosophy. Keep it under 15 words and unique every time."
Searching by Name terms: give,short,,1-sentence,motivational,morning,greeting,hindi,(devanagari).,use,any,inspiring,theme:,success,,leadership,,wisdom,,kindness,,global,philosophy.,keep,under,words,and,unique,every,time. -> Found: None

[2026-04-26T15:06:56.600Z] Admin Query: "Give a short, 1-sentence motivational morning greeting in Hindi (Devanagari). Use any inspiring theme: success, leadership, wisdom, kindness, or global philosophy. Keep it under 15 words and unique every time."
Searching by Name terms: give,short,,1-sentence,motivational,morning,greeting,hindi,(devanagari).,use,any,inspiring,theme:,success,,leadership,,wisdom,,kindness,,global,philosophy.,keep,under,words,and,unique,every,time. -> Found: None

[2026-04-26T15:07:04.324Z] Admin Query: "Give a short, 1-sentence motivational morning greeting in Hindi (Devanagari). Use any inspiring theme: success, leadership, wisdom, kindness, or global philosophy. Keep it under 15 words and unique every time."
Searching by Name terms: give,short,,1-sentence,motivational,morning,greeting,hindi,(devanagari).,use,any,inspiring,theme:,success,,leadership,,wisdom,,kindness,,global,philosophy.,keep,under,words,and,unique,every,time. -> Found: None

[2026-04-26T15:07:46.652Z] Admin Query: "Give a short, 1-sentence motivational morning greeting in Hindi (Devanagari). Use any inspiring theme: success, leadership, wisdom, kindness, or global philosophy. Keep it under 15 words and unique every time."
Searching by Name terms: give,short,,1-sentence,motivational,morning,greeting,hindi,(devanagari).,use,any,inspiring,theme:,success,,leadership,,wisdom,,kindness,,global,philosophy.,keep,under,words,and,unique,every,time. -> Found: None

[2026-04-26T15:08:12.350Z] Admin Query: "Give a short, 1-sentence motivational morning greeting in Hindi (Devanagari). Use any inspiring theme: success, leadership, wisdom, kindness, or global philosophy. Keep it under 15 words and unique every time."
Searching by Name terms: give,short,,1-sentence,motivational,morning,greeting,hindi,(devanagari).,use,any,inspiring,theme:,success,,leadership,,wisdom,,kindness,,global,philosophy.,keep,under,words,and,unique,every,time. -> Found: None

[2026-04-26T15:10:30.607Z] Admin Query: "Give a short, 1-sentence motivational morning greeting in Hindi (Devanagari). Use any inspiring theme: success, leadership, wisdom, kindness, or global philosophy. Keep it under 15 words and unique every time."
Searching by Name terms: give,short,,1-sentence,motivational,morning,greeting,hindi,(devanagari).,use,any,inspiring,theme:,success,,leadership,,wisdom,,kindness,,global,philosophy.,keep,under,words,and,unique,every,time. -> Found: None

[2026-04-26T15:10:44.309Z] Admin Query: "Give a short, 1-sentence motivational morning greeting in Hindi (Devanagari). Use any inspiring theme: success, leadership, wisdom, kindness, or global philosophy. Keep it under 15 words and unique every time."
Searching by Name terms: give,short,,1-sentence,motivational,morning,greeting,hindi,(devanagari).,use,any,inspiring,theme:,success,,leadership,,wisdom,,kindness,,global,philosophy.,keep,under,words,and,unique,every,time. -> Found: None

[2026-04-26T15:10:52.291Z] Admin Query: "Give a short, 1-sentence motivational morning greeting in Hindi (Devanagari). Use any inspiring theme: success, leadership, wisdom, kindness, or global philosophy. Keep it under 15 words and unique every time."
Searching by Name terms: give,short,,1-sentence,motivational,morning,greeting,hindi,(devanagari).,use,any,inspiring,theme:,success,,leadership,,wisdom,,kindness,,global,philosophy.,keep,under,words,and,unique,every,time. -> Found: None

[2026-04-26T15:10:58.292Z] Admin Query: "Give a short, 1-sentence motivational morning greeting in Hindi (Devanagari). Use any inspiring theme: success, leadership, wisdom, kindness, or global philosophy. Keep it under 15 words and unique every time."
Searching by Name terms: give,short,,1-sentence,motivational,morning,greeting,hindi,(devanagari).,use,any,inspiring,theme:,success,,leadership,,wisdom,,kindness,,global,philosophy.,keep,under,words,and,unique,every,time. -> Found: None

[2026-04-26T15:11:06.298Z] Admin Query: "Give a short, 1-sentence motivational morning greeting in Hindi (Devanagari). Use any inspiring theme: success, leadership, wisdom, kindness, or global philosophy. Keep it under 15 words and unique every time."
Searching by Name terms: give,short,,1-sentence,motivational,morning,greeting,hindi,(devanagari).,use,any,inspiring,theme:,success,,leadership,,wisdom,,kindness,,global,philosophy.,keep,under,words,and,unique,every,time. -> Found: None

[2026-04-26T15:11:56.620Z] Admin Query: "Give a short, 1-sentence motivational morning greeting in Hindi (Devanagari). Use any inspiring theme: success, leadership, wisdom, kindness, or global philosophy. Keep it under 15 words and unique every time."
Searching by Name terms: give,short,,1-sentence,motivational,morning,greeting,hindi,(devanagari).,use,any,inspiring,theme:,success,,leadership,,wisdom,,kindness,,global,philosophy.,keep,under,words,and,unique,every,time. -> Found: None

[2026-04-26T15:14:19.605Z] Admin Query: "Give a short, 1-sentence motivational morning greeting in Hindi (Devanagari). Use any inspiring theme: success, leadership, wisdom, kindness, or global philosophy. Keep it under 15 words and unique every time."
Searching by Name terms: give,short,,1-sentence,motivational,morning,greeting,hindi,(devanagari).,use,any,inspiring,theme:,success,,leadership,,wisdom,,kindness,,global,philosophy.,keep,under,words,and,unique,every,time. -> Found: None

[2026-04-26T15:14:41.265Z] Admin Query: "Give a short, 1-sentence motivational morning greeting in Hindi (Devanagari). Use any inspiring theme: success, leadership, wisdom, kindness, or global philosophy. Keep it under 15 words and unique every time."
Searching by Name terms: give,short,,1-sentence,motivational,morning,greeting,hindi,(devanagari).,use,any,inspiring,theme:,success,,leadership,,wisdom,,kindness,,global,philosophy.,keep,under,words,and,unique,every,time. -> Found: None

[2026-04-26T15:14:55.813Z] Admin Query: "Give a short, 1-sentence motivational morning greeting in Hindi (Devanagari). Use any inspiring theme: success, leadership, wisdom, kindness, or global philosophy. Keep it under 15 words and unique every time."
Searching by Name terms: give,short,,1-sentence,motivational,morning,greeting,hindi,(devanagari).,use,any,inspiring,theme:,success,,leadership,,wisdom,,kindness,,global,philosophy.,keep,under,words,and,unique,every,time. -> Found: None

[2026-04-26T15:15:03.301Z] Admin Query: "Give a short, 1-sentence motivational morning greeting in Hindi (Devanagari). Use any inspiring theme: success, leadership, wisdom, kindness, or global philosophy. Keep it under 15 words and unique every time."
Searching by Name terms: give,short,,1-sentence,motivational,morning,greeting,hindi,(devanagari).,use,any,inspiring,theme:,success,,leadership,,wisdom,,kindness,,global,philosophy.,keep,under,words,and,unique,every,time. -> Found: None

[2026-04-26T15:15:07.491Z] Admin Query: "Give a short, 1-sentence motivational morning greeting in Hindi (Devanagari). Use any inspiring theme: success, leadership, wisdom, kindness, or global philosophy. Keep it under 15 words and unique every time."
Searching by Name terms: give,short,,1-sentence,motivational,morning,greeting,hindi,(devanagari).,use,any,inspiring,theme:,success,,leadership,,wisdom,,kindness,,global,philosophy.,keep,under,words,and,unique,every,time. -> Found: None

[2026-04-26T15:15:15.257Z] Admin Query: "Give a short, 1-sentence motivational morning greeting in Hindi (Devanagari). Use any inspiring theme: success, leadership, wisdom, kindness, or global philosophy. Keep it under 15 words and unique every time."
Searching by Name terms: give,short,,1-sentence,motivational,morning,greeting,hindi,(devanagari).,use,any,inspiring,theme:,success,,leadership,,wisdom,,kindness,,global,philosophy.,keep,under,words,and,unique,every,time. -> Found: None

[2026-04-26T15:16:51.524Z] Admin Query: "Give a short, 1-sentence motivational morning greeting in Hindi (Devanagari). Use any inspiring theme: success, leadership, wisdom, kindness, or global philosophy. Keep it under 15 words and unique every time."
Searching by Name terms: give,short,,1-sentence,motivational,morning,greeting,hindi,(devanagari).,use,any,inspiring,theme:,success,,leadership,,wisdom,,kindness,,global,philosophy.,keep,under,words,and,unique,every,time. -> Found: None

[2026-04-26T15:17:07.523Z] Admin Query: "Give a short, 1-sentence motivational morning greeting in Hindi (Devanagari). Use any inspiring theme: success, leadership, wisdom, kindness, or global philosophy. Keep it under 15 words and unique every time."
Searching by Name terms: give,short,,1-sentence,motivational,morning,greeting,hindi,(devanagari).,use,any,inspiring,theme:,success,,leadership,,wisdom,,kindness,,global,philosophy.,keep,under,words,and,unique,every,time. -> Found: None

[2026-04-26T15:17:13.508Z] Admin Query: "Give a short, 1-sentence motivational morning greeting in Hindi (Devanagari). Use any inspiring theme: success, leadership, wisdom, kindness, or global philosophy. Keep it under 15 words and unique every time."
Searching by Name terms: give,short,,1-sentence,motivational,morning,greeting,hindi,(devanagari).,use,any,inspiring,theme:,success,,leadership,,wisdom,,kindness,,global,philosophy.,keep,under,words,and,unique,every,time. -> Found: None

[2026-04-26T15:17:19.526Z] Admin Query: "Give a short, 1-sentence motivational morning greeting in Hindi (Devanagari). Use any inspiring theme: success, leadership, wisdom, kindness, or global philosophy. Keep it under 15 words and unique every time."
Searching by Name terms: give,short,,1-sentence,motivational,morning,greeting,hindi,(devanagari).,use,any,inspiring,theme:,success,,leadership,,wisdom,,kindness,,global,philosophy.,keep,under,words,and,unique,every,time. -> Found: None

[2026-04-26T15:17:25.529Z] Admin Query: "Give a short, 1-sentence motivational morning greeting in Hindi (Devanagari). Use any inspiring theme: success, leadership, wisdom, kindness, or global philosophy. Keep it under 15 words and unique every time."
Searching by Name terms: give,short,,1-sentence,motivational,morning,greeting,hindi,(devanagari).,use,any,inspiring,theme:,success,,leadership,,wisdom,,kindness,,global,philosophy.,keep,under,words,and,unique,every,time. -> Found: None

[2026-04-26T15:23:01.291Z] Admin Query: "Give a short, 1-sentence motivational morning greeting in Hindi (Devanagari). Use any inspiring theme: success, leadership, wisdom, kindness, or global philosophy. Keep it under 15 words and unique every time."
Searching by Name terms: give,short,,1-sentence,motivational,morning,greeting,hindi,(devanagari).,use,any,inspiring,theme:,success,,leadership,,wisdom,,kindness,,global,philosophy.,keep,under,words,and,unique,every,time. -> Found: None

[2026-04-26T15:23:07.346Z] Admin Query: "Give a short, 1-sentence motivational morning greeting in Hindi (Devanagari). Use any inspiring theme: success, leadership, wisdom, kindness, or global philosophy. Keep it under 15 words and unique every time."
Searching by Name terms: give,short,,1-sentence,motivational,morning,greeting,hindi,(devanagari).,use,any,inspiring,theme:,success,,leadership,,wisdom,,kindness,,global,philosophy.,keep,under,words,and,unique,every,time. -> Found: None

[2026-04-26T15:23:13.383Z] Admin Query: "Give a short, 1-sentence motivational morning greeting in Hindi (Devanagari). Use any inspiring theme: success, leadership, wisdom, kindness, or global philosophy. Keep it under 15 words and unique every time."
Searching by Name terms: give,short,,1-sentence,motivational,morning,greeting,hindi,(devanagari).,use,any,inspiring,theme:,success,,leadership,,wisdom,,kindness,,global,philosophy.,keep,under,words,and,unique,every,time. -> Found: None

[2026-04-26T15:23:21.294Z] Admin Query: "Give a short, 1-sentence motivational morning greeting in Hindi (Devanagari). Use any inspiring theme: success, leadership, wisdom, kindness, or global philosophy. Keep it under 15 words and unique every time."
Searching by Name terms: give,short,,1-sentence,motivational,morning,greeting,hindi,(devanagari).,use,any,inspiring,theme:,success,,leadership,,wisdom,,kindness,,global,philosophy.,keep,under,words,and,unique,every,time. -> Found: None

[2026-04-26T15:23:27.308Z] Admin Query: "Give a short, 1-sentence motivational morning greeting in Hindi (Devanagari). Use any inspiring theme: success, leadership, wisdom, kindness, or global philosophy. Keep it under 15 words and unique every time."
Searching by Name terms: give,short,,1-sentence,motivational,morning,greeting,hindi,(devanagari).,use,any,inspiring,theme:,success,,leadership,,wisdom,,kindness,,global,philosophy.,keep,under,words,and,unique,every,time. -> Found: None

[2026-04-26T15:23:35.260Z] Admin Query: "Give a short, 1-sentence motivational morning greeting in Hindi (Devanagari). Use any inspiring theme: success, leadership, wisdom, kindness, or global philosophy. Keep it under 15 words and unique every time."
Searching by Name terms: give,short,,1-sentence,motivational,morning,greeting,hindi,(devanagari).,use,any,inspiring,theme:,success,,leadership,,wisdom,,kindness,,global,philosophy.,keep,under,words,and,unique,every,time. -> Found: None

[2026-04-26T15:23:43.282Z] Admin Query: "Give a short, 1-sentence motivational morning greeting in Hindi (Devanagari). Use any inspiring theme: success, leadership, wisdom, kindness, or global philosophy. Keep it under 15 words and unique every time."
Searching by Name terms: give,short,,1-sentence,motivational,morning,greeting,hindi,(devanagari).,use,any,inspiring,theme:,success,,leadership,,wisdom,,kindness,,global,philosophy.,keep,under,words,and,unique,every,time. -> Found: None

[2026-04-26T15:23:49.322Z] Admin Query: "Give a short, 1-sentence motivational morning greeting in Hindi (Devanagari). Use any inspiring theme: success, leadership, wisdom, kindness, or global philosophy. Keep it under 15 words and unique every time."
Searching by Name terms: give,short,,1-sentence,motivational,morning,greeting,hindi,(devanagari).,use,any,inspiring,theme:,success,,leadership,,wisdom,,kindness,,global,philosophy.,keep,under,words,and,unique,every,time. -> Found: None

[2026-04-26T15:23:55.416Z] Admin Query: "Give a short, 1-sentence motivational morning greeting in Hindi (Devanagari). Use any inspiring theme: success, leadership, wisdom, kindness, or global philosophy. Keep it under 15 words and unique every time."
Searching by Name terms: give,short,,1-sentence,motivational,morning,greeting,hindi,(devanagari).,use,any,inspiring,theme:,success,,leadership,,wisdom,,kindness,,global,philosophy.,keep,under,words,and,unique,every,time. -> Found: None

[2026-04-26T15:24:03.312Z] Admin Query: "Give a short, 1-sentence motivational morning greeting in Hindi (Devanagari). Use any inspiring theme: success, leadership, wisdom, kindness, or global philosophy. Keep it under 15 words and unique every time."
Searching by Name terms: give,short,,1-sentence,motivational,morning,greeting,hindi,(devanagari).,use,any,inspiring,theme:,success,,leadership,,wisdom,,kindness,,global,philosophy.,keep,under,words,and,unique,every,time. -> Found: None

[2026-04-26T15:25:03.647Z] Admin Query: "Give a short, 1-sentence motivational morning greeting in Hindi (Devanagari). Use any inspiring theme: success, leadership, wisdom, kindness, or global philosophy. Keep it under 15 words and unique every time."
Searching by Name terms: give,short,,1-sentence,motivational,morning,greeting,hindi,(devanagari).,use,any,inspiring,theme:,success,,leadership,,wisdom,,kindness,,global,philosophy.,keep,under,words,and,unique,every,time. -> Found: None

[2026-04-26T15:25:11.320Z] Admin Query: "Give a short, 1-sentence motivational morning greeting in Hindi (Devanagari). Use any inspiring theme: success, leadership, wisdom, kindness, or global philosophy. Keep it under 15 words and unique every time."
Searching by Name terms: give,short,,1-sentence,motivational,morning,greeting,hindi,(devanagari).,use,any,inspiring,theme:,success,,leadership,,wisdom,,kindness,,global,philosophy.,keep,under,words,and,unique,every,time. -> Found: None

[2026-04-26T15:25:17.330Z] Admin Query: "Give a short, 1-sentence motivational morning greeting in Hindi (Devanagari). Use any inspiring theme: success, leadership, wisdom, kindness, or global philosophy. Keep it under 15 words and unique every time."
Searching by Name terms: give,short,,1-sentence,motivational,morning,greeting,hindi,(devanagari).,use,any,inspiring,theme:,success,,leadership,,wisdom,,kindness,,global,philosophy.,keep,under,words,and,unique,every,time. -> Found: None

[2026-04-26T15:25:23.346Z] Admin Query: "Give a short, 1-sentence motivational morning greeting in Hindi (Devanagari). Use any inspiring theme: success, leadership, wisdom, kindness, or global philosophy. Keep it under 15 words and unique every time."
Searching by Name terms: give,short,,1-sentence,motivational,morning,greeting,hindi,(devanagari).,use,any,inspiring,theme:,success,,leadership,,wisdom,,kindness,,global,philosophy.,keep,under,words,and,unique,every,time. -> Found: None

[2026-04-26T15:25:29.665Z] Admin Query: "Give a short, 1-sentence motivational morning greeting in Hindi (Devanagari). Use any inspiring theme: success, leadership, wisdom, kindness, or global philosophy. Keep it under 15 words and unique every time."
Searching by Name terms: give,short,,1-sentence,motivational,morning,greeting,hindi,(devanagari).,use,any,inspiring,theme:,success,,leadership,,wisdom,,kindness,,global,philosophy.,keep,under,words,and,unique,every,time. -> Found: None

[2026-04-26T15:25:37.369Z] Admin Query: "Give a short, 1-sentence motivational morning greeting in Hindi (Devanagari). Use any inspiring theme: success, leadership, wisdom, kindness, or global philosophy. Keep it under 15 words and unique every time."
Searching by Name terms: give,short,,1-sentence,motivational,morning,greeting,hindi,(devanagari).,use,any,inspiring,theme:,success,,leadership,,wisdom,,kindness,,global,philosophy.,keep,under,words,and,unique,every,time. -> Found: None

[2026-04-26T15:25:45.416Z] Admin Query: "Give a short, 1-sentence motivational morning greeting in Hindi (Devanagari). Use any inspiring theme: success, leadership, wisdom, kindness, or global philosophy. Keep it under 15 words and unique every time."
Searching by Name terms: give,short,,1-sentence,motivational,morning,greeting,hindi,(devanagari).,use,any,inspiring,theme:,success,,leadership,,wisdom,,kindness,,global,philosophy.,keep,under,words,and,unique,every,time. -> Found: None

[2026-04-26T15:25:53.331Z] Admin Query: "Give a short, 1-sentence motivational morning greeting in Hindi (Devanagari). Use any inspiring theme: success, leadership, wisdom, kindness, or global philosophy. Keep it under 15 words and unique every time."
Searching by Name terms: give,short,,1-sentence,motivational,morning,greeting,hindi,(devanagari).,use,any,inspiring,theme:,success,,leadership,,wisdom,,kindness,,global,philosophy.,keep,under,words,and,unique,every,time. -> Found: None

[2026-04-26T15:25:59.676Z] Admin Query: "Give a short, 1-sentence motivational morning greeting in Hindi (Devanagari). Use any inspiring theme: success, leadership, wisdom, kindness, or global philosophy. Keep it under 15 words and unique every time."
Searching by Name terms: give,short,,1-sentence,motivational,morning,greeting,hindi,(devanagari).,use,any,inspiring,theme:,success,,leadership,,wisdom,,kindness,,global,philosophy.,keep,under,words,and,unique,every,time. -> Found: None

[2026-04-26T15:26:16.692Z] Admin Query: "Give a short, 1-sentence motivational morning greeting in Hindi (Devanagari). Use any inspiring theme: success, leadership, wisdom, kindness, or global philosophy. Keep it under 15 words and unique every time."
Searching by Name terms: give,short,,1-sentence,motivational,morning,greeting,hindi,(devanagari).,use,any,inspiring,theme:,success,,leadership,,wisdom,,kindness,,global,philosophy.,keep,under,words,and,unique,every,time. -> Found: None

[2026-04-26T15:26:25.007Z] Admin Query: "Give a short, 1-sentence motivational morning greeting in Hindi (Devanagari). Use any inspiring theme: success, leadership, wisdom, kindness, or global philosophy. Keep it under 15 words and unique every time."
Searching by Name terms: give,short,,1-sentence,motivational,morning,greeting,hindi,(devanagari).,use,any,inspiring,theme:,success,,leadership,,wisdom,,kindness,,global,philosophy.,keep,under,words,and,unique,every,time. -> Found: None

[2026-04-26T15:27:04.657Z] Admin Query: "Give a short, 1-sentence motivational morning greeting in Hindi (Devanagari). Use any inspiring theme: success, leadership, wisdom, kindness, or global philosophy. Keep it under 15 words and unique every time."
Searching by Name terms: give,short,,1-sentence,motivational,morning,greeting,hindi,(devanagari).,use,any,inspiring,theme:,success,,leadership,,wisdom,,kindness,,global,philosophy.,keep,under,words,and,unique,every,time. -> Found: None

[2026-04-26T15:27:10.899Z] Admin Query: "Give a short, 1-sentence motivational morning greeting in Hindi (Devanagari). Use any inspiring theme: success, leadership, wisdom, kindness, or global philosophy. Keep it under 15 words and unique every time."
Searching by Name terms: give,short,,1-sentence,motivational,morning,greeting,hindi,(devanagari).,use,any,inspiring,theme:,success,,leadership,,wisdom,,kindness,,global,philosophy.,keep,under,words,and,unique,every,time. -> Found: None

[2026-04-26T15:27:12.851Z] Admin Query: "Give a short, 1-sentence motivational morning greeting in Hindi (Devanagari). Use any inspiring theme: curiosity, dreams, courage, hard work, or happiness. Keep it under 15 words and unique every time."
Searching by Name terms: give,short,,1-sentence,motivational,morning,greeting,hindi,(devanagari).,use,any,inspiring,theme:,curiosity,,dreams,,courage,,hard,work,,happiness.,keep,under,words,and,unique,every,time. -> Found: None

[2026-04-26T15:27:18.825Z] Admin Query: "Give a short, 1-sentence motivational morning greeting in Hindi (Devanagari). Use any inspiring theme: success, leadership, wisdom, kindness, or global philosophy. Keep it under 15 words and unique every time."
Searching by Name terms: give,short,,1-sentence,motivational,morning,greeting,hindi,(devanagari).,use,any,inspiring,theme:,success,,leadership,,wisdom,,kindness,,global,philosophy.,keep,under,words,and,unique,every,time. -> Found: None

[2026-04-26T15:27:28.675Z] Admin Query: "Give a short, 1-sentence motivational morning greeting in Hindi (Devanagari). Use any inspiring theme: success, leadership, wisdom, kindness, or global philosophy. Keep it under 15 words and unique every time."
Searching by Name terms: give,short,,1-sentence,motivational,morning,greeting,hindi,(devanagari).,use,any,inspiring,theme:,success,,leadership,,wisdom,,kindness,,global,philosophy.,keep,under,words,and,unique,every,time. -> Found: None

[2026-04-26T15:27:34.984Z] Admin Query: "Give a short, 1-sentence motivational morning greeting in Hindi (Devanagari). Use any inspiring theme: success, leadership, wisdom, kindness, or global philosophy. Keep it under 15 words and unique every time."
Searching by Name terms: give,short,,1-sentence,motivational,morning,greeting,hindi,(devanagari).,use,any,inspiring,theme:,success,,leadership,,wisdom,,kindness,,global,philosophy.,keep,under,words,and,unique,every,time. -> Found: None

[2026-04-26T15:27:40.673Z] Admin Query: "Give a short, 1-sentence motivational morning greeting in Hindi (Devanagari). Use any inspiring theme: success, leadership, wisdom, kindness, or global philosophy. Keep it under 15 words and unique every time."
Searching by Name terms: give,short,,1-sentence,motivational,morning,greeting,hindi,(devanagari).,use,any,inspiring,theme:,success,,leadership,,wisdom,,kindness,,global,philosophy.,keep,under,words,and,unique,every,time. -> Found: None

[2026-04-26T15:27:48.689Z] Admin Query: "Give a short, 1-sentence motivational morning greeting in Hindi (Devanagari). Use any inspiring theme: success, leadership, wisdom, kindness, or global philosophy. Keep it under 15 words and unique every time."
Searching by Name terms: give,short,,1-sentence,motivational,morning,greeting,hindi,(devanagari).,use,any,inspiring,theme:,success,,leadership,,wisdom,,kindness,,global,philosophy.,keep,under,words,and,unique,every,time. -> Found: None

[2026-04-26T15:27:54.757Z] Admin Query: "Give a short, 1-sentence motivational morning greeting in Hindi (Devanagari). Use any inspiring theme: success, leadership, wisdom, kindness, or global philosophy. Keep it under 15 words and unique every time."
Searching by Name terms: give,short,,1-sentence,motivational,morning,greeting,hindi,(devanagari).,use,any,inspiring,theme:,success,,leadership,,wisdom,,kindness,,global,philosophy.,keep,under,words,and,unique,every,time. -> Found: None

[2026-04-26T15:28:00.815Z] Admin Query: "Give a short, 1-sentence motivational morning greeting in Hindi (Devanagari). Use any inspiring theme: success, leadership, wisdom, kindness, or global philosophy. Keep it under 15 words and unique every time."
Searching by Name terms: give,short,,1-sentence,motivational,morning,greeting,hindi,(devanagari).,use,any,inspiring,theme:,success,,leadership,,wisdom,,kindness,,global,philosophy.,keep,under,words,and,unique,every,time. -> Found: None

[2026-04-26T15:28:06.869Z] Admin Query: "Give a short, 1-sentence motivational morning greeting in Hindi (Devanagari). Use any inspiring theme: success, leadership, wisdom, kindness, or global philosophy. Keep it under 15 words and unique every time."
Searching by Name terms: give,short,,1-sentence,motivational,morning,greeting,hindi,(devanagari).,use,any,inspiring,theme:,success,,leadership,,wisdom,,kindness,,global,philosophy.,keep,under,words,and,unique,every,time. -> Found: None

[2026-04-26T15:28:12.892Z] Admin Query: "Give a short, 1-sentence motivational morning greeting in Hindi (Devanagari). Use any inspiring theme: success, leadership, wisdom, kindness, or global philosophy. Keep it under 15 words and unique every time."
Searching by Name terms: give,short,,1-sentence,motivational,morning,greeting,hindi,(devanagari).,use,any,inspiring,theme:,success,,leadership,,wisdom,,kindness,,global,philosophy.,keep,under,words,and,unique,every,time. -> Found: None

[2026-04-26T15:28:20.901Z] Admin Query: "Give a short, 1-sentence motivational morning greeting in Hindi (Devanagari). Use any inspiring theme: success, leadership, wisdom, kindness, or global philosophy. Keep it under 15 words and unique every time."
Searching by Name terms: give,short,,1-sentence,motivational,morning,greeting,hindi,(devanagari).,use,any,inspiring,theme:,success,,leadership,,wisdom,,kindness,,global,philosophy.,keep,under,words,and,unique,every,time. -> Found: None

[2026-04-26T15:28:28.821Z] Admin Query: "Give a short, 1-sentence motivational morning greeting in Hindi (Devanagari). Use any inspiring theme: success, leadership, wisdom, kindness, or global philosophy. Keep it under 15 words and unique every time."
Searching by Name terms: give,short,,1-sentence,motivational,morning,greeting,hindi,(devanagari).,use,any,inspiring,theme:,success,,leadership,,wisdom,,kindness,,global,philosophy.,keep,under,words,and,unique,every,time. -> Found: None

[2026-04-26T15:28:36.668Z] Admin Query: "Give a short, 1-sentence motivational morning greeting in Hindi (Devanagari). Use any inspiring theme: success, leadership, wisdom, kindness, or global philosophy. Keep it under 15 words and unique every time."
Searching by Name terms: give,short,,1-sentence,motivational,morning,greeting,hindi,(devanagari).,use,any,inspiring,theme:,success,,leadership,,wisdom,,kindness,,global,philosophy.,keep,under,words,and,unique,every,time. -> Found: None

[2026-04-26T15:28:44.673Z] Admin Query: "Give a short, 1-sentence motivational morning greeting in Hindi (Devanagari). Use any inspiring theme: success, leadership, wisdom, kindness, or global philosophy. Keep it under 15 words and unique every time."
Searching by Name terms: give,short,,1-sentence,motivational,morning,greeting,hindi,(devanagari).,use,any,inspiring,theme:,success,,leadership,,wisdom,,kindness,,global,philosophy.,keep,under,words,and,unique,every,time. -> Found: None

[2026-04-26T15:28:52.668Z] Admin Query: "Give a short, 1-sentence motivational morning greeting in Hindi (Devanagari). Use any inspiring theme: success, leadership, wisdom, kindness, or global philosophy. Keep it under 15 words and unique every time."
Searching by Name terms: give,short,,1-sentence,motivational,morning,greeting,hindi,(devanagari).,use,any,inspiring,theme:,success,,leadership,,wisdom,,kindness,,global,philosophy.,keep,under,words,and,unique,every,time. -> Found: None

[2026-04-26T15:28:58.666Z] Admin Query: "Give a short, 1-sentence motivational morning greeting in Hindi (Devanagari). Use any inspiring theme: success, leadership, wisdom, kindness, or global philosophy. Keep it under 15 words and unique every time."
Searching by Name terms: give,short,,1-sentence,motivational,morning,greeting,hindi,(devanagari).,use,any,inspiring,theme:,success,,leadership,,wisdom,,kindness,,global,philosophy.,keep,under,words,and,unique,every,time. -> Found: None

[2026-04-26T15:29:06.678Z] Admin Query: "Give a short, 1-sentence motivational morning greeting in Hindi (Devanagari). Use any inspiring theme: success, leadership, wisdom, kindness, or global philosophy. Keep it under 15 words and unique every time."
Searching by Name terms: give,short,,1-sentence,motivational,morning,greeting,hindi,(devanagari).,use,any,inspiring,theme:,success,,leadership,,wisdom,,kindness,,global,philosophy.,keep,under,words,and,unique,every,time. -> Found: None

[2026-04-26T15:29:12.670Z] Admin Query: "Give a short, 1-sentence motivational morning greeting in Hindi (Devanagari). Use any inspiring theme: success, leadership, wisdom, kindness, or global philosophy. Keep it under 15 words and unique every time."
Searching by Name terms: give,short,,1-sentence,motivational,morning,greeting,hindi,(devanagari).,use,any,inspiring,theme:,success,,leadership,,wisdom,,kindness,,global,philosophy.,keep,under,words,and,unique,every,time. -> Found: None

[2026-04-26T15:29:18.686Z] Admin Query: "Give a short, 1-sentence motivational morning greeting in Hindi (Devanagari). Use any inspiring theme: success, leadership, wisdom, kindness, or global philosophy. Keep it under 15 words and unique every time."
Searching by Name terms: give,short,,1-sentence,motivational,morning,greeting,hindi,(devanagari).,use,any,inspiring,theme:,success,,leadership,,wisdom,,kindness,,global,philosophy.,keep,under,words,and,unique,every,time. -> Found: None

[2026-04-26T15:29:26.804Z] Admin Query: "Give a short, 1-sentence motivational morning greeting in Hindi (Devanagari). Use any inspiring theme: success, leadership, wisdom, kindness, or global philosophy. Keep it under 15 words and unique every time."
Searching by Name terms: give,short,,1-sentence,motivational,morning,greeting,hindi,(devanagari).,use,any,inspiring,theme:,success,,leadership,,wisdom,,kindness,,global,philosophy.,keep,under,words,and,unique,every,time. -> Found: None

[2026-04-26T15:29:36.813Z] Admin Query: "Give a short, 1-sentence motivational morning greeting in Hindi (Devanagari). Use any inspiring theme: success, leadership, wisdom, kindness, or global philosophy. Keep it under 15 words and unique every time."
Searching by Name terms: give,short,,1-sentence,motivational,morning,greeting,hindi,(devanagari).,use,any,inspiring,theme:,success,,leadership,,wisdom,,kindness,,global,philosophy.,keep,under,words,and,unique,every,time. -> Found: None

[2026-04-26T15:29:46.813Z] Admin Query: "Give a short, 1-sentence motivational morning greeting in Hindi (Devanagari). Use any inspiring theme: success, leadership, wisdom, kindness, or global philosophy. Keep it under 15 words and unique every time."
Searching by Name terms: give,short,,1-sentence,motivational,morning,greeting,hindi,(devanagari).,use,any,inspiring,theme:,success,,leadership,,wisdom,,kindness,,global,philosophy.,keep,under,words,and,unique,every,time. -> Found: None

[2026-04-26T15:29:58.946Z] Admin Query: "Give a short, 1-sentence motivational morning greeting in Hindi (Devanagari). Use any inspiring theme: curiosity, dreams, courage, hard work, or happiness. Keep it under 15 words and unique every time."
Searching by Name terms: give,short,,1-sentence,motivational,morning,greeting,hindi,(devanagari).,use,any,inspiring,theme:,curiosity,,dreams,,courage,,hard,work,,happiness.,keep,under,words,and,unique,every,time. -> Found: None

[2026-04-26T15:30:02.871Z] Admin Query: "Give a short, 1-sentence motivational morning greeting in Hindi (Devanagari). Use any inspiring theme: success, leadership, wisdom, kindness, or global philosophy. Keep it under 15 words and unique every time."
Searching by Name terms: give,short,,1-sentence,motivational,morning,greeting,hindi,(devanagari).,use,any,inspiring,theme:,success,,leadership,,wisdom,,kindness,,global,philosophy.,keep,under,words,and,unique,every,time. -> Found: None

[2026-04-26T15:30:07.135Z] Admin Query: "Give a short, 1-sentence motivational morning greeting in Hindi (Devanagari). Use any inspiring theme: curiosity, dreams, courage, hard work, or happiness. Keep it under 15 words and unique every time."
Searching by Name terms: give,short,,1-sentence,motivational,morning,greeting,hindi,(devanagari).,use,any,inspiring,theme:,curiosity,,dreams,,courage,,hard,work,,happiness.,keep,under,words,and,unique,every,time. -> Found: None

[2026-04-26T15:30:10.607Z] Admin Query: "Give a short, 1-sentence motivational morning greeting in Hindi (Devanagari). Use any inspiring theme: success, leadership, wisdom, kindness, or global philosophy. Keep it under 15 words and unique every time."
Searching by Name terms: give,short,,1-sentence,motivational,morning,greeting,hindi,(devanagari).,use,any,inspiring,theme:,success,,leadership,,wisdom,,kindness,,global,philosophy.,keep,under,words,and,unique,every,time. -> Found: None

[2026-04-26T15:30:16.886Z] Admin Query: "Give a short, 1-sentence motivational morning greeting in Hindi (Devanagari). Use any inspiring theme: success, leadership, wisdom, kindness, or global philosophy. Keep it under 15 words and unique every time."
Searching by Name terms: give,short,,1-sentence,motivational,morning,greeting,hindi,(devanagari).,use,any,inspiring,theme:,success,,leadership,,wisdom,,kindness,,global,philosophy.,keep,under,words,and,unique,every,time. -> Found: None

[2026-04-26T15:30:24.808Z] Admin Query: "Give a short, 1-sentence motivational morning greeting in Hindi (Devanagari). Use any inspiring theme: success, leadership, wisdom, kindness, or global philosophy. Keep it under 15 words and unique every time."
Searching by Name terms: give,short,,1-sentence,motivational,morning,greeting,hindi,(devanagari).,use,any,inspiring,theme:,success,,leadership,,wisdom,,kindness,,global,philosophy.,keep,under,words,and,unique,every,time. -> Found: None

[2026-04-26T15:30:30.830Z] Admin Query: "Give a short, 1-sentence motivational morning greeting in Hindi (Devanagari). Use any inspiring theme: success, leadership, wisdom, kindness, or global philosophy. Keep it under 15 words and unique every time."
Searching by Name terms: give,short,,1-sentence,motivational,morning,greeting,hindi,(devanagari).,use,any,inspiring,theme:,success,,leadership,,wisdom,,kindness,,global,philosophy.,keep,under,words,and,unique,every,time. -> Found: None

[2026-04-26T15:30:36.860Z] Admin Query: "Give a short, 1-sentence motivational morning greeting in Hindi (Devanagari). Use any inspiring theme: success, leadership, wisdom, kindness, or global philosophy. Keep it under 15 words and unique every time."
Searching by Name terms: give,short,,1-sentence,motivational,morning,greeting,hindi,(devanagari).,use,any,inspiring,theme:,success,,leadership,,wisdom,,kindness,,global,philosophy.,keep,under,words,and,unique,every,time. -> Found: None

[2026-04-26T15:31:06.800Z] Admin Query: "Give a short, 1-sentence motivational morning greeting in Hindi (Devanagari). Use any inspiring theme: success, leadership, wisdom, kindness, or global philosophy. Keep it under 15 words and unique every time."
Searching by Name terms: give,short,,1-sentence,motivational,morning,greeting,hindi,(devanagari).,use,any,inspiring,theme:,success,,leadership,,wisdom,,kindness,,global,philosophy.,keep,under,words,and,unique,every,time. -> Found: None

[2026-04-26T15:31:14.825Z] Admin Query: "Give a short, 1-sentence motivational morning greeting in Hindi (Devanagari). Use any inspiring theme: success, leadership, wisdom, kindness, or global philosophy. Keep it under 15 words and unique every time."
Searching by Name terms: give,short,,1-sentence,motivational,morning,greeting,hindi,(devanagari).,use,any,inspiring,theme:,success,,leadership,,wisdom,,kindness,,global,philosophy.,keep,under,words,and,unique,every,time. -> Found: None

[2026-04-26T15:31:40.830Z] Admin Query: "Give a short, 1-sentence motivational morning greeting in Hindi (Devanagari). Use any inspiring theme: success, leadership, wisdom, kindness, or global philosophy. Keep it under 15 words and unique every time."
Searching by Name terms: give,short,,1-sentence,motivational,morning,greeting,hindi,(devanagari).,use,any,inspiring,theme:,success,,leadership,,wisdom,,kindness,,global,philosophy.,keep,under,words,and,unique,every,time. -> Found: None

[2026-04-26T15:31:46.845Z] Admin Query: "Give a short, 1-sentence motivational morning greeting in Hindi (Devanagari). Use any inspiring theme: success, leadership, wisdom, kindness, or global philosophy. Keep it under 15 words and unique every time."
Searching by Name terms: give,short,,1-sentence,motivational,morning,greeting,hindi,(devanagari).,use,any,inspiring,theme:,success,,leadership,,wisdom,,kindness,,global,philosophy.,keep,under,words,and,unique,every,time. -> Found: None

[2026-04-26T15:31:52.871Z] Admin Query: "Give a short, 1-sentence motivational morning greeting in Hindi (Devanagari). Use any inspiring theme: success, leadership, wisdom, kindness, or global philosophy. Keep it under 15 words and unique every time."
Searching by Name terms: give,short,,1-sentence,motivational,morning,greeting,hindi,(devanagari).,use,any,inspiring,theme:,success,,leadership,,wisdom,,kindness,,global,philosophy.,keep,under,words,and,unique,every,time. -> Found: None

[2026-04-26T15:32:00.853Z] Admin Query: "Give a short, 1-sentence motivational morning greeting in Hindi (Devanagari). Use any inspiring theme: success, leadership, wisdom, kindness, or global philosophy. Keep it under 15 words and unique every time."
Searching by Name terms: give,short,,1-sentence,motivational,morning,greeting,hindi,(devanagari).,use,any,inspiring,theme:,success,,leadership,,wisdom,,kindness,,global,philosophy.,keep,under,words,and,unique,every,time. -> Found: None

[2026-04-26T15:32:08.868Z] Admin Query: "Give a short, 1-sentence motivational morning greeting in Hindi (Devanagari). Use any inspiring theme: success, leadership, wisdom, kindness, or global philosophy. Keep it under 15 words and unique every time."
Searching by Name terms: give,short,,1-sentence,motivational,morning,greeting,hindi,(devanagari).,use,any,inspiring,theme:,success,,leadership,,wisdom,,kindness,,global,philosophy.,keep,under,words,and,unique,every,time. -> Found: None

[2026-04-26T15:32:16.851Z] Admin Query: "Give a short, 1-sentence motivational morning greeting in Hindi (Devanagari). Use any inspiring theme: success, leadership, wisdom, kindness, or global philosophy. Keep it under 15 words and unique every time."
Searching by Name terms: give,short,,1-sentence,motivational,morning,greeting,hindi,(devanagari).,use,any,inspiring,theme:,success,,leadership,,wisdom,,kindness,,global,philosophy.,keep,under,words,and,unique,every,time. -> Found: None

[2026-04-26T15:36:33.765Z] Admin Query: "true"

[2026-04-26T15:36:41.755Z] Admin Query: "true"

[2026-04-26T15:36:59.441Z] Admin Query: "true"

[2026-04-26T15:37:19.784Z] Admin Query: "true"

[2026-04-26T15:37:33.694Z] Admin Query: "true"

[2026-04-26T15:37:39.470Z] Admin Query: "true"

[2026-04-26T15:37:47.453Z] Admin Query: "true"

[2026-04-26T15:37:53.453Z] Admin Query: "true"

[2026-04-26T15:40:14.821Z] Admin Query: "Give a short, 1-sentence motivational morning greeting in Hindi (Devanagari) as a professional school assistant. Theme: leadership and wisdom. Under 15 words."
Searching by Name terms: give,short,,1-sentence,motivational,morning,greeting,hindi,(devanagari),professional,school,assistant.,theme:,leadership,and,wisdom.,under,words. -> Found: None

[2026-04-26T15:40:34.792Z] Admin Query: "Give a short, 1-sentence motivational morning greeting in Hindi (Devanagari) as a professional school assistant. Theme: leadership and wisdom. Under 15 words."
Searching by Name terms: give,short,,1-sentence,motivational,morning,greeting,hindi,(devanagari),professional,school,assistant.,theme:,leadership,and,wisdom.,under,words. -> Found: None

[2026-04-26T15:41:02.847Z] Admin Query: "Give a short, 1-sentence motivational morning greeting in Hindi (Devanagari) as a professional school assistant. Theme: leadership and wisdom. Under 15 words."
Searching by Name terms: give,short,,1-sentence,motivational,morning,greeting,hindi,(devanagari),professional,school,assistant.,theme:,leadership,and,wisdom.,under,words. -> Found: None

[2026-04-26T15:41:08.548Z] Admin Query: "Give a short, 1-sentence motivational morning greeting in Hindi (Devanagari) as Doraemon. Use words like 'gadgets', 'friendship', and 'Nobita'. Be very energetic.. Theme: leadership and wisdom. Under 15 words."
Searching by Name terms: give,short,,1-sentence,motivational,morning,greeting,hindi,(devanagari),doraemon.,use,words,like,'gadgets',,'friendship',,and,'nobita'.,very,energetic..,theme:,leadership,and,wisdom.,under,words. -> Found: None

[2026-04-26T15:41:16.505Z] Admin Query: "Give a short, 1-sentence motivational morning greeting in Hindi (Devanagari) as Doraemon. Use words like 'gadgets', 'friendship', and 'Nobita'. Be very energetic.. Theme: leadership and wisdom. Under 15 words."
Searching by Name terms: give,short,,1-sentence,motivational,morning,greeting,hindi,(devanagari),doraemon.,use,words,like,'gadgets',,'friendship',,and,'nobita'.,very,energetic..,theme:,leadership,and,wisdom.,under,words. -> Found: None

[2026-04-26T15:41:22.835Z] Admin Query: "Give a short, 1-sentence motivational morning greeting in Hindi (Devanagari) as Doraemon. Use words like 'gadgets', 'friendship', and 'Nobita'. Be very energetic.. Theme: leadership and wisdom. Under 15 words."
Searching by Name terms: give,short,,1-sentence,motivational,morning,greeting,hindi,(devanagari),doraemon.,use,words,like,'gadgets',,'friendship',,and,'nobita'.,very,energetic..,theme:,leadership,and,wisdom.,under,words. -> Found: None

[2026-04-26T15:41:30.628Z] Admin Query: "Give a short, 1-sentence motivational morning greeting in Hindi (Devanagari) as Doraemon. Use words like 'gadgets', 'friendship', and 'Nobita'. Be very energetic.. Theme: leadership and wisdom. Under 15 words."
Searching by Name terms: give,short,,1-sentence,motivational,morning,greeting,hindi,(devanagari),doraemon.,use,words,like,'gadgets',,'friendship',,and,'nobita'.,very,energetic..,theme:,leadership,and,wisdom.,under,words. -> Found: None

[2026-04-26T15:43:13.108Z] Admin Query: "Give a short, 1-sentence motivational morning greeting in Hindi (Devanagari) as Shin-chan. Be very playful, funny, and naughty.. Theme: leadership and wisdom. Under 15 words."
Searching by Name terms: give,short,,1-sentence,motivational,morning,greeting,hindi,(devanagari),shin-chan.,very,playful,,funny,,and,naughty..,theme:,leadership,and,wisdom.,under,words. -> Found: None

[2026-04-26T15:43:26.519Z] Admin Query: "Give a short, 1-sentence motivational morning greeting in Hindi (Devanagari) as a professional school assistant. Theme: leadership and wisdom. Under 15 words."
Searching by Name terms: give,short,,1-sentence,motivational,morning,greeting,hindi,(devanagari),professional,school,assistant.,theme:,leadership,and,wisdom.,under,words. -> Found: None

[2026-04-26T15:43:37.431Z] Admin Query: "Give a short, 1-sentence motivational morning greeting in Hindi (Devanagari) as a professional school assistant. Theme: leadership and wisdom. Under 15 words."
Searching by Name terms: give,short,,1-sentence,motivational,morning,greeting,hindi,(devanagari),professional,school,assistant.,theme:,leadership,and,wisdom.,under,words. -> Found: None

[2026-04-26T15:43:45.495Z] Admin Query: "Give a short, 1-sentence motivational morning greeting in Hindi (Devanagari) as a professional school assistant. Theme: leadership and wisdom. Under 15 words."
Searching by Name terms: give,short,,1-sentence,motivational,morning,greeting,hindi,(devanagari),professional,school,assistant.,theme:,leadership,and,wisdom.,under,words. -> Found: None

[2026-04-26T15:43:59.562Z] Admin Query: "Give a short, 1-sentence motivational morning greeting in Hindi (Devanagari) as a professional school assistant. Theme: leadership and wisdom. Under 15 words."
Searching by Name terms: give,short,,1-sentence,motivational,morning,greeting,hindi,(devanagari),professional,school,assistant.,theme:,leadership,and,wisdom.,under,words. -> Found: None

[2026-04-26T15:44:07.566Z] Admin Query: "Give a short, 1-sentence motivational morning greeting in Hindi (Devanagari) as a professional school assistant. Theme: leadership and wisdom. Under 15 words."
Searching by Name terms: give,short,,1-sentence,motivational,morning,greeting,hindi,(devanagari),professional,school,assistant.,theme:,leadership,and,wisdom.,under,words. -> Found: None

[2026-04-26T15:44:39.555Z] Admin Query: "Give a short, 1-sentence motivational morning greeting in Hindi (Devanagari) as a professional school assistant. Theme: leadership and wisdom. Under 15 words."
Searching by Name terms: give,short,,1-sentence,motivational,morning,greeting,hindi,(devanagari),professional,school,assistant.,theme:,leadership,and,wisdom.,under,words. -> Found: None

[2026-04-26T15:44:47.656Z] Admin Query: "Give a short, 1-sentence motivational morning greeting in Hindi (Devanagari) as a professional school assistant. Theme: leadership and wisdom. Under 15 words."
Searching by Name terms: give,short,,1-sentence,motivational,morning,greeting,hindi,(devanagari),professional,school,assistant.,theme:,leadership,and,wisdom.,under,words. -> Found: None

[2026-04-26T15:44:55.559Z] Admin Query: "Give a short, 1-sentence motivational morning greeting in Hindi (Devanagari) as Doraemon from the cartoon. Mention gadgets, Nobita, and friendship.. Theme: leadership and wisdom. Under 15 words."
Searching by Name terms: give,short,,1-sentence,motivational,morning,greeting,hindi,(devanagari),doraemon,from,the,cartoon.,mention,gadgets,,nobita,,and,friendship..,theme:,leadership,and,wisdom.,under,words. -> Found: None

[2026-04-26T15:45:03.564Z] Admin Query: "Give a short, 1-sentence motivational morning greeting in Hindi (Devanagari) as Doraemon from the cartoon. Mention gadgets, Nobita, and friendship.. Theme: leadership and wisdom. Under 15 words."
Searching by Name terms: give,short,,1-sentence,motivational,morning,greeting,hindi,(devanagari),doraemon,from,the,cartoon.,mention,gadgets,,nobita,,and,friendship..,theme:,leadership,and,wisdom.,under,words. -> Found: None

[2026-04-26T15:45:11.551Z] Admin Query: "Give a short, 1-sentence motivational morning greeting in Hindi (Devanagari) as Doraemon from the cartoon. Mention gadgets, Nobita, and friendship.. Theme: leadership and wisdom. Under 15 words."
Searching by Name terms: give,short,,1-sentence,motivational,morning,greeting,hindi,(devanagari),doraemon,from,the,cartoon.,mention,gadgets,,nobita,,and,friendship..,theme:,leadership,and,wisdom.,under,words. -> Found: None

[2026-04-26T15:49:00.506Z] Admin Query: "Give a short, 1-sentence motivational morning greeting in Hindi (Devanagari) as a professional school assistant. Theme: leadership and wisdom. Under 15 words."
Searching by Name terms: give,short,,1-sentence,motivational,morning,greeting,hindi,(devanagari),professional,school,assistant.,theme:,leadership,and,wisdom.,under,words. -> Found: None

[2026-04-26T15:49:08.164Z] Admin Query: "Give a short, 1-sentence motivational morning greeting in Hindi (Devanagari) as Chhota Bheem from Dholakpur. Talk about bravery, strength, and Laddus.. Theme: leadership and wisdom. Under 15 words."
Searching by Name terms: give,short,,1-sentence,motivational,morning,greeting,hindi,(devanagari),chhota,bheem,from,dholakpur.,talk,about,bravery,,strength,,and,laddus..,theme:,leadership,and,wisdom.,under,words. -> Found: None

[2026-04-26T15:49:14.163Z] Admin Query: "Give a short, 1-sentence motivational morning greeting in Hindi (Devanagari) as Chhota Bheem from Dholakpur. Talk about bravery, strength, and Laddus.. Theme: leadership and wisdom. Under 15 words."
Searching by Name terms: give,short,,1-sentence,motivational,morning,greeting,hindi,(devanagari),chhota,bheem,from,dholakpur.,talk,about,bravery,,strength,,and,laddus..,theme:,leadership,and,wisdom.,under,words. -> Found: None

[2026-04-26T15:49:22.151Z] Admin Query: "Give a short, 1-sentence motivational morning greeting in Hindi (Devanagari) as Chhota Bheem from Dholakpur. Talk about bravery, strength, and Laddus.. Theme: leadership and wisdom. Under 15 words."
Searching by Name terms: give,short,,1-sentence,motivational,morning,greeting,hindi,(devanagari),chhota,bheem,from,dholakpur.,talk,about,bravery,,strength,,and,laddus..,theme:,leadership,and,wisdom.,under,words. -> Found: None

[2026-04-26T15:49:54.160Z] Admin Query: "Give a short, 1-sentence motivational morning greeting in Hindi (Devanagari) as a professional school assistant. Theme: leadership and wisdom. Under 15 words."
Searching by Name terms: give,short,,1-sentence,motivational,morning,greeting,hindi,(devanagari),professional,school,assistant.,theme:,leadership,and,wisdom.,under,words. -> Found: None

[2026-04-26T15:50:02.153Z] Admin Query: "Give a short, 1-sentence motivational morning greeting in Hindi (Devanagari) as a professional school assistant. Theme: leadership and wisdom. Under 15 words."
Searching by Name terms: give,short,,1-sentence,motivational,morning,greeting,hindi,(devanagari),professional,school,assistant.,theme:,leadership,and,wisdom.,under,words. -> Found: None

[2026-04-26T15:50:18.157Z] Admin Query: "Give a short, 1-sentence motivational morning greeting in Hindi (Devanagari) as a professional school assistant. Theme: leadership and wisdom. Under 15 words."
Searching by Name terms: give,short,,1-sentence,motivational,morning,greeting,hindi,(devanagari),professional,school,assistant.,theme:,leadership,and,wisdom.,under,words. -> Found: None

[2026-04-26T15:50:42.143Z] Admin Query: "Give a short, 1-sentence motivational morning greeting in Hindi (Devanagari) as a professional school assistant. Theme: leadership and wisdom. Under 15 words."
Searching by Name terms: give,short,,1-sentence,motivational,morning,greeting,hindi,(devanagari),professional,school,assistant.,theme:,leadership,and,wisdom.,under,words. -> Found: None

[2026-04-26T15:50:48.323Z] Admin Query: "Give a short, 1-sentence motivational morning greeting in Hindi (Devanagari) as Chhota Bheem from Dholakpur. Talk about bravery, strength, and Laddus.. Theme: leadership and wisdom. Under 15 words."
Searching by Name terms: give,short,,1-sentence,motivational,morning,greeting,hindi,(devanagari),chhota,bheem,from,dholakpur.,talk,about,bravery,,strength,,and,laddus..,theme:,leadership,and,wisdom.,under,words. -> Found: None

[2026-04-26T15:50:56.321Z] Admin Query: "Give a short, 1-sentence motivational morning greeting in Hindi (Devanagari) as Chhota Bheem from Dholakpur. Talk about bravery, strength, and Laddus.. Theme: leadership and wisdom. Under 15 words."
Searching by Name terms: give,short,,1-sentence,motivational,morning,greeting,hindi,(devanagari),chhota,bheem,from,dholakpur.,talk,about,bravery,,strength,,and,laddus..,theme:,leadership,and,wisdom.,under,words. -> Found: None

[2026-04-26T15:51:02.348Z] Admin Query: "Give a short, 1-sentence motivational morning greeting in Hindi (Devanagari) as Chhota Bheem from Dholakpur. Talk about bravery, strength, and Laddus.. Theme: leadership and wisdom. Under 15 words."
Searching by Name terms: give,short,,1-sentence,motivational,morning,greeting,hindi,(devanagari),chhota,bheem,from,dholakpur.,talk,about,bravery,,strength,,and,laddus..,theme:,leadership,and,wisdom.,under,words. -> Found: None

[2026-04-26T15:51:22.304Z] Admin Query: "Give a short, 1-sentence motivational morning greeting in Hindi (Devanagari) as Chhota Bheem from Dholakpur. Talk about bravery, strength, and Laddus.. Theme: leadership and wisdom. Under 15 words."
Searching by Name terms: give,short,,1-sentence,motivational,morning,greeting,hindi,(devanagari),chhota,bheem,from,dholakpur.,talk,about,bravery,,strength,,and,laddus..,theme:,leadership,and,wisdom.,under,words. -> Found: None

[2026-04-26T15:51:30.306Z] Admin Query: "Give a short, 1-sentence motivational morning greeting in Hindi (Devanagari) as Chhota Bheem from Dholakpur. Talk about bravery, strength, and Laddus.. Theme: leadership and wisdom. Under 15 words."
Searching by Name terms: give,short,,1-sentence,motivational,morning,greeting,hindi,(devanagari),chhota,bheem,from,dholakpur.,talk,about,bravery,,strength,,and,laddus..,theme:,leadership,and,wisdom.,under,words. -> Found: None

[2026-04-26T15:51:36.301Z] Admin Query: "Give a short, 1-sentence motivational morning greeting in Hindi (Devanagari) as Chhota Bheem from Dholakpur. Talk about bravery, strength, and Laddus.. Theme: leadership and wisdom. Under 15 words."
Searching by Name terms: give,short,,1-sentence,motivational,morning,greeting,hindi,(devanagari),chhota,bheem,from,dholakpur.,talk,about,bravery,,strength,,and,laddus..,theme:,leadership,and,wisdom.,under,words. -> Found: None

[2026-04-26T15:53:46.022Z] Admin Query: "Give a short, 1-sentence motivational morning greeting in Hindi (Devanagari) as a professional school assistant. Theme: leadership and wisdom. Under 15 words."
Searching by Name terms: give,short,,1-sentence,motivational,morning,greeting,hindi,(devanagari),professional,school,assistant.,theme:,leadership,and,wisdom.,under,words. -> Found: None

[2026-04-26T15:53:53.676Z] Admin Query: "Give a short, 1-sentence motivational morning greeting in Hindi (Devanagari) as a professional school assistant. Theme: leadership and wisdom. Under 15 words."
Searching by Name terms: give,short,,1-sentence,motivational,morning,greeting,hindi,(devanagari),professional,school,assistant.,theme:,leadership,and,wisdom.,under,words. -> Found: None

[2026-04-26T15:53:59.689Z] Admin Query: "Give a short, 1-sentence motivational morning greeting in Hindi (Devanagari) as Doraemon from the cartoon. Mention gadgets, Nobita, and friendship.. Theme: leadership and wisdom. Under 15 words."
Searching by Name terms: give,short,,1-sentence,motivational,morning,greeting,hindi,(devanagari),doraemon,from,the,cartoon.,mention,gadgets,,nobita,,and,friendship..,theme:,leadership,and,wisdom.,under,words. -> Found: None

[2026-04-26T15:54:07.682Z] Admin Query: "Give a short, 1-sentence motivational morning greeting in Hindi (Devanagari) as Chhota Bheem from Dholakpur. Talk about bravery, strength, and Laddus.. Theme: leadership and wisdom. Under 15 words."
Searching by Name terms: give,short,,1-sentence,motivational,morning,greeting,hindi,(devanagari),chhota,bheem,from,dholakpur.,talk,about,bravery,,strength,,and,laddus..,theme:,leadership,and,wisdom.,under,words. -> Found: None

[2026-04-26T15:54:15.679Z] Admin Query: "Give a short, 1-sentence motivational morning greeting in Hindi (Devanagari) as a professional school assistant. Theme: leadership and wisdom. Under 15 words."
Searching by Name terms: give,short,,1-sentence,motivational,morning,greeting,hindi,(devanagari),professional,school,assistant.,theme:,leadership,and,wisdom.,under,words. -> Found: None

[2026-04-26T15:54:25.808Z] Admin Query: "Give a short, 1-sentence motivational morning greeting in Hindi (Devanagari) as a professional school assistant. Theme: leadership and wisdom. Under 15 words."
Searching by Name terms: give,short,,1-sentence,motivational,morning,greeting,hindi,(devanagari),professional,school,assistant.,theme:,leadership,and,wisdom.,under,words. -> Found: None

[2026-04-26T15:54:33.818Z] Admin Query: "Give a short, 1-sentence motivational morning greeting in Hindi (Devanagari) as a professional school assistant. Theme: leadership and wisdom. Under 15 words."
Searching by Name terms: give,short,,1-sentence,motivational,morning,greeting,hindi,(devanagari),professional,school,assistant.,theme:,leadership,and,wisdom.,under,words. -> Found: None

[2026-04-26T15:57:04.932Z] Admin Query: "Give a short, 1-sentence motivational morning greeting in Hindi (Devanagari) as a professional school assistant. Theme: leadership and wisdom. Under 15 words."
Searching by Name terms: give,short,,1-sentence,motivational,morning,greeting,hindi,(devanagari),professional,school,assistant.,theme:,leadership,and,wisdom.,under,words. -> Found: None

[2026-04-26T15:57:12.599Z] Admin Query: "Give a short, 1-sentence motivational morning greeting in Hindi (Devanagari) as Doraemon from the cartoon. Mention gadgets, Nobita, and friendship.. Theme: leadership and wisdom. Under 15 words."
Searching by Name terms: give,short,,1-sentence,motivational,morning,greeting,hindi,(devanagari),doraemon,from,the,cartoon.,mention,gadgets,,nobita,,and,friendship..,theme:,leadership,and,wisdom.,under,words. -> Found: None

[2026-04-26T15:57:18.592Z] Admin Query: "Give a short, 1-sentence motivational morning greeting in Hindi (Devanagari) as Doraemon from the cartoon. Mention gadgets, Nobita, and friendship.. Theme: leadership and wisdom. Under 15 words."
Searching by Name terms: give,short,,1-sentence,motivational,morning,greeting,hindi,(devanagari),doraemon,from,the,cartoon.,mention,gadgets,,nobita,,and,friendship..,theme:,leadership,and,wisdom.,under,words. -> Found: None

[2026-04-26T15:57:24.610Z] Admin Query: "Give a short, 1-sentence motivational morning greeting in Hindi (Devanagari) as Chhota Bheem from Dholakpur. Talk about bravery, strength, and Laddus.. Theme: leadership and wisdom. Under 15 words."
Searching by Name terms: give,short,,1-sentence,motivational,morning,greeting,hindi,(devanagari),chhota,bheem,from,dholakpur.,talk,about,bravery,,strength,,and,laddus..,theme:,leadership,and,wisdom.,under,words. -> Found: None

[2026-04-26T15:57:32.444Z] Admin Query: "Give a short, 1-sentence motivational morning greeting in Hindi (Devanagari) as Shin-chan. Be very playful, funny, and naughty.. Theme: leadership and wisdom. Under 15 words."
Searching by Name terms: give,short,,1-sentence,motivational,morning,greeting,hindi,(devanagari),shin-chan.,very,playful,,funny,,and,naughty..,theme:,leadership,and,wisdom.,under,words. -> Found: None

[2026-04-26T15:59:14.747Z] Admin Query: "Give a short, 1-sentence motivational morning greeting in Hindi (Devanagari) as Doraemon from the cartoon. Mention gadgets, Nobita, and friendship.. Theme: leadership and wisdom. Under 15 words."
Searching by Name terms: give,short,,1-sentence,motivational,morning,greeting,hindi,(devanagari),doraemon,from,the,cartoon.,mention,gadgets,,nobita,,and,friendship..,theme:,leadership,and,wisdom.,under,words. -> Found: None

[2026-04-26T15:59:36.550Z] Admin Query: "Give a short, 1-sentence motivational morning greeting in Hindi (Devanagari) as a professional school assistant. Theme: leadership and wisdom. Under 15 words."
Searching by Name terms: give,short,,1-sentence,motivational,morning,greeting,hindi,(devanagari),professional,school,assistant.,theme:,leadership,and,wisdom.,under,words. -> Found: None

[2026-04-26T15:59:42.565Z] Admin Query: "Give a short, 1-sentence motivational morning greeting in Hindi (Devanagari) as Doraemon from the cartoon. Mention gadgets, Nobita, and friendship.. Theme: leadership and wisdom. Under 15 words."
Searching by Name terms: give,short,,1-sentence,motivational,morning,greeting,hindi,(devanagari),doraemon,from,the,cartoon.,mention,gadgets,,nobita,,and,friendship..,theme:,leadership,and,wisdom.,under,words. -> Found: None

[2026-04-26T15:59:50.549Z] Admin Query: "Give a short, 1-sentence motivational morning greeting in Hindi (Devanagari) as Doraemon from the cartoon. Mention gadgets, Nobita, and friendship.. Theme: leadership and wisdom. Under 15 words."
Searching by Name terms: give,short,,1-sentence,motivational,morning,greeting,hindi,(devanagari),doraemon,from,the,cartoon.,mention,gadgets,,nobita,,and,friendship..,theme:,leadership,and,wisdom.,under,words. -> Found: None

[2026-04-26T16:00:24.575Z] Admin Query: "Give a short, 1-sentence motivational morning greeting in Hindi (Devanagari) as Chhota Bheem from Dholakpur. Talk about bravery, strength, and Laddus.. Theme: leadership and wisdom. Under 15 words."
Searching by Name terms: give,short,,1-sentence,motivational,morning,greeting,hindi,(devanagari),chhota,bheem,from,dholakpur.,talk,about,bravery,,strength,,and,laddus..,theme:,leadership,and,wisdom.,under,words. -> Found: None

[2026-04-26T16:00:48.413Z] Admin Query: "Give a short, 1-sentence motivational morning greeting in Hindi (Devanagari) as Chhota Bheem from Dholakpur. Talk about bravery, strength, and Laddus.. Theme: leadership and wisdom. Under 15 words."
Searching by Name terms: give,short,,1-sentence,motivational,morning,greeting,hindi,(devanagari),chhota,bheem,from,dholakpur.,talk,about,bravery,,strength,,and,laddus..,theme:,leadership,and,wisdom.,under,words. -> Found: None

[2026-04-26T16:00:54.582Z] Admin Query: "Give a short, 1-sentence motivational morning greeting in Hindi (Devanagari) as Shin-chan. Be very playful, funny, and naughty.. Theme: leadership and wisdom. Under 15 words."
Searching by Name terms: give,short,,1-sentence,motivational,morning,greeting,hindi,(devanagari),shin-chan.,very,playful,,funny,,and,naughty..,theme:,leadership,and,wisdom.,under,words. -> Found: None

[2026-04-26T16:01:02.388Z] Admin Query: "Give a short, 1-sentence motivational morning greeting in Hindi (Devanagari) as Shin-chan. Be very playful, funny, and naughty.. Theme: leadership and wisdom. Under 15 words."
Searching by Name terms: give,short,,1-sentence,motivational,morning,greeting,hindi,(devanagari),shin-chan.,very,playful,,funny,,and,naughty..,theme:,leadership,and,wisdom.,under,words. -> Found: None

[2026-04-26T16:01:08.579Z] Admin Query: "Give a short, 1-sentence motivational morning greeting in Hindi (Devanagari) as Shin-chan. Be very playful, funny, and naughty.. Theme: leadership and wisdom. Under 15 words."
Searching by Name terms: give,short,,1-sentence,motivational,morning,greeting,hindi,(devanagari),shin-chan.,very,playful,,funny,,and,naughty..,theme:,leadership,and,wisdom.,under,words. -> Found: None

[2026-04-26T16:03:28.671Z] Admin Query: "Give a short, 1-sentence motivational morning greeting in Hindi (Devanagari) as a professional school assistant. Theme: leadership and wisdom. Under 15 words."
Searching by Name terms: give,short,,1-sentence,motivational,morning,greeting,hindi,(devanagari),professional,school,assistant.,theme:,leadership,and,wisdom.,under,words. -> Found: None

[2026-04-26T16:03:38.156Z] Admin Query: "Give a short, 1-sentence motivational morning greeting in Hindi (Devanagari) as Doraemon. Be kind and robotic. Use words like gadgets and Nobita.. Theme: leadership and wisdom. Under 15 words."
Searching by Name terms: give,short,,1-sentence,motivational,morning,greeting,hindi,(devanagari),doraemon.,kind,and,robotic.,use,words,like,gadgets,and,nobita..,theme:,leadership,and,wisdom.,under,words. -> Found: None

[2026-04-26T16:04:04.148Z] Admin Query: "Give a short, 1-sentence motivational morning greeting in Hindi (Devanagari) as Chhota Bheem. Be brave and energetic. Talk about strength and Laddus.. Theme: leadership and wisdom. Under 15 words."
Searching by Name terms: give,short,,1-sentence,motivational,morning,greeting,hindi,(devanagari),chhota,bheem.,brave,and,energetic.,talk,about,strength,and,laddus..,theme:,leadership,and,wisdom.,under,words. -> Found: None

[2026-04-26T16:04:10.141Z] Admin Query: "Give a short, 1-sentence motivational morning greeting in Hindi (Devanagari) as Shin-chan. Be naughty, playful, and funny like a 5-year-old boy.. Theme: leadership and wisdom. Under 15 words."
Searching by Name terms: give,short,,1-sentence,motivational,morning,greeting,hindi,(devanagari),shin-chan.,naughty,,playful,,and,funny,like,5-year-old,boy..,theme:,leadership,and,wisdom.,under,words. -> Found: None

[2026-04-26T16:04:18.309Z] Admin Query: "Give a short, 1-sentence motivational morning greeting in Hindi (Devanagari) as Shin-chan. Be naughty, playful, and funny like a 5-year-old boy.. Theme: leadership and wisdom. Under 15 words."
Searching by Name terms: give,short,,1-sentence,motivational,morning,greeting,hindi,(devanagari),shin-chan.,naughty,,playful,,and,funny,like,5-year-old,boy..,theme:,leadership,and,wisdom.,under,words. -> Found: None

[2026-04-26T16:04:26.139Z] Admin Query: "Give a short, 1-sentence motivational morning greeting in Hindi (Devanagari) as a professional school assistant. Theme: leadership and wisdom. Under 15 words."
Searching by Name terms: give,short,,1-sentence,motivational,morning,greeting,hindi,(devanagari),professional,school,assistant.,theme:,leadership,and,wisdom.,under,words. -> Found: None

[2026-04-26T16:04:40.135Z] Admin Query: "Give a short, 1-sentence motivational morning greeting in Hindi (Devanagari) as a professional school assistant. Theme: leadership and wisdom. Under 15 words."
Searching by Name terms: give,short,,1-sentence,motivational,morning,greeting,hindi,(devanagari),professional,school,assistant.,theme:,leadership,and,wisdom.,under,words. -> Found: None

[2026-04-26T16:04:46.137Z] Admin Query: "Give a short, 1-sentence motivational morning greeting in Hindi (Devanagari) as a professional school assistant. Theme: leadership and wisdom. Under 15 words."
Searching by Name terms: give,short,,1-sentence,motivational,morning,greeting,hindi,(devanagari),professional,school,assistant.,theme:,leadership,and,wisdom.,under,words. -> Found: None

[2026-04-26T16:05:46.140Z] Admin Query: "Give a short, 1-sentence motivational greeting in Hindi (Devanagari) as Doraemon. Be kind and robotic. Use words like gadgets and Nobita.. Theme: curiosity and dreams. Under 15 words."
Searching by Name terms: give,short,,1-sentence,motivational,greeting,hindi,(devanagari),doraemon.,kind,and,robotic.,use,words,like,gadgets,and,nobita..,theme:,curiosity,and,dreams.,under,words. -> Found: None

[2026-04-26T16:06:14.138Z] Admin Query: "Give a short, 1-sentence motivational morning greeting in Hindi (Devanagari) as Doraemon. Be kind and robotic. Use words like gadgets and Nobita.. Theme: leadership and wisdom. Under 15 words."
Searching by Name terms: give,short,,1-sentence,motivational,morning,greeting,hindi,(devanagari),doraemon.,kind,and,robotic.,use,words,like,gadgets,and,nobita..,theme:,leadership,and,wisdom.,under,words. -> Found: None

[2026-04-26T16:06:20.196Z] Admin Query: "Give a short, 1-sentence motivational morning greeting in Hindi (Devanagari) as Chhota Bheem. Be brave and energetic. Talk about strength and Laddus.. Theme: leadership and wisdom. Under 15 words."
Searching by Name terms: give,short,,1-sentence,motivational,morning,greeting,hindi,(devanagari),chhota,bheem.,brave,and,energetic.,talk,about,strength,and,laddus..,theme:,leadership,and,wisdom.,under,words. -> Found: None

[2026-04-26T16:06:24.964Z] Admin Query: "Give a short, 1-sentence motivational morning greeting in Hindi (Devanagari) as Chhota Bheem. Be brave and energetic. Talk about strength and Laddus.. Theme: leadership and wisdom. Under 15 words."
Searching by Name terms: give,short,,1-sentence,motivational,morning,greeting,hindi,(devanagari),chhota,bheem.,brave,and,energetic.,talk,about,strength,and,laddus..,theme:,leadership,and,wisdom.,under,words. -> Found: None

[2026-04-26T16:10:34.355Z] Admin Query: "Give a short, 1-sentence motivational morning greeting in Hindi (Devanagari) as a professional school assistant. Theme: leadership and wisdom. Under 15 words."
Searching by Name terms: give,short,,1-sentence,motivational,morning,greeting,hindi,(devanagari),professional,school,assistant.,theme:,leadership,and,wisdom.,under,words. -> Found: None

[2026-04-26T16:10:40.354Z] Admin Query: "Give a short, 1-sentence motivational morning greeting in Hindi (Devanagari) as Doraemon. Be kind and robotic. Use words like gadgets and Nobita.. Theme: leadership and wisdom. Under 15 words."
Searching by Name terms: give,short,,1-sentence,motivational,morning,greeting,hindi,(devanagari),doraemon.,kind,and,robotic.,use,words,like,gadgets,and,nobita..,theme:,leadership,and,wisdom.,under,words. -> Found: None

[2026-04-26T16:10:46.357Z] Admin Query: "Give a short, 1-sentence motivational morning greeting in Hindi (Devanagari) as Doraemon. Be kind and robotic. Use words like gadgets and Nobita.. Theme: leadership and wisdom. Under 15 words."
Searching by Name terms: give,short,,1-sentence,motivational,morning,greeting,hindi,(devanagari),doraemon.,kind,and,robotic.,use,words,like,gadgets,and,nobita..,theme:,leadership,and,wisdom.,under,words. -> Found: None

[2026-04-26T16:10:54.340Z] Admin Query: "Give a short, 1-sentence motivational morning greeting in Hindi (Devanagari) as Shin-chan. Be naughty, playful, and funny like a 5-year-old boy.. Theme: leadership and wisdom. Under 15 words."
Searching by Name terms: give,short,,1-sentence,motivational,morning,greeting,hindi,(devanagari),shin-chan.,naughty,,playful,,and,funny,like,5-year-old,boy..,theme:,leadership,and,wisdom.,under,words. -> Found: None

[2026-04-26T16:11:00.362Z] Admin Query: "Give a short, 1-sentence motivational morning greeting in Hindi (Devanagari) as a professional school assistant. Theme: leadership and wisdom. Under 15 words."
Searching by Name terms: give,short,,1-sentence,motivational,morning,greeting,hindi,(devanagari),professional,school,assistant.,theme:,leadership,and,wisdom.,under,words. -> Found: None

[2026-04-26T16:11:08.357Z] Admin Query: "Give a short, 1-sentence motivational morning greeting in Hindi (Devanagari) as a professional school assistant. Theme: leadership and wisdom. Under 15 words."
Searching by Name terms: give,short,,1-sentence,motivational,morning,greeting,hindi,(devanagari),professional,school,assistant.,theme:,leadership,and,wisdom.,under,words. -> Found: None

[2026-04-26T16:11:16.353Z] Admin Query: "Give a short, 1-sentence motivational morning greeting in Hindi (Devanagari) as a professional school assistant. Theme: leadership and wisdom. Under 15 words."
Searching by Name terms: give,short,,1-sentence,motivational,morning,greeting,hindi,(devanagari),professional,school,assistant.,theme:,leadership,and,wisdom.,under,words. -> Found: None

[2026-04-26T16:11:24.339Z] Admin Query: "Give a short, 1-sentence motivational morning greeting in Hindi (Devanagari) as Doraemon. Be kind and robotic. Use words like gadgets and Nobita.. Theme: leadership and wisdom. Under 15 words."
Searching by Name terms: give,short,,1-sentence,motivational,morning,greeting,hindi,(devanagari),doraemon.,kind,and,robotic.,use,words,like,gadgets,and,nobita..,theme:,leadership,and,wisdom.,under,words. -> Found: None

[2026-04-26T16:11:30.342Z] Admin Query: "Give a short, 1-sentence motivational morning greeting in Hindi (Devanagari) as Doraemon. Be kind and robotic. Use words like gadgets and Nobita.. Theme: leadership and wisdom. Under 15 words."
Searching by Name terms: give,short,,1-sentence,motivational,morning,greeting,hindi,(devanagari),doraemon.,kind,and,robotic.,use,words,like,gadgets,and,nobita..,theme:,leadership,and,wisdom.,under,words. -> Found: None

[2026-04-26T16:11:38.334Z] Admin Query: "Give a short, 1-sentence motivational morning greeting in Hindi (Devanagari) as Doraemon. Be kind and robotic. Use words like gadgets and Nobita.. Theme: leadership and wisdom. Under 15 words."
Searching by Name terms: give,short,,1-sentence,motivational,morning,greeting,hindi,(devanagari),doraemon.,kind,and,robotic.,use,words,like,gadgets,and,nobita..,theme:,leadership,and,wisdom.,under,words. -> Found: None

[2026-04-26T16:11:52.222Z] Admin Query: "Give a short, 1-sentence motivational morning greeting in Hindi (Devanagari) as a professional school assistant. Theme: leadership and wisdom. Under 15 words."
Searching by Name terms: give,short,,1-sentence,motivational,morning,greeting,hindi,(devanagari),professional,school,assistant.,theme:,leadership,and,wisdom.,under,words. -> Found: None

[2026-04-26T16:11:58.221Z] Admin Query: "Give a short, 1-sentence motivational morning greeting in Hindi (Devanagari) as a professional school assistant. Theme: leadership and wisdom. Under 15 words."
Searching by Name terms: give,short,,1-sentence,motivational,morning,greeting,hindi,(devanagari),professional,school,assistant.,theme:,leadership,and,wisdom.,under,words. -> Found: None

[2026-04-26T16:12:06.244Z] Admin Query: "Give a short, 1-sentence motivational morning greeting in Hindi (Devanagari) as a professional school assistant. Theme: leadership and wisdom. Under 15 words."
Searching by Name terms: give,short,,1-sentence,motivational,morning,greeting,hindi,(devanagari),professional,school,assistant.,theme:,leadership,and,wisdom.,under,words. -> Found: None

[2026-04-26T16:12:34.532Z] Admin Query: "Give a short, 1-sentence motivational morning greeting in Hindi (Devanagari) as a professional school assistant. Theme: leadership and wisdom. Under 15 words."
Searching by Name terms: give,short,,1-sentence,motivational,morning,greeting,hindi,(devanagari),professional,school,assistant.,theme:,leadership,and,wisdom.,under,words. -> Found: None

[2026-04-26T16:12:40.237Z] Admin Query: "Give a short, 1-sentence motivational morning greeting in Hindi (Devanagari) as Doraemon. Be kind and robotic. Use words like gadgets and Nobita.. Theme: leadership and wisdom. Under 15 words."
Searching by Name terms: give,short,,1-sentence,motivational,morning,greeting,hindi,(devanagari),doraemon.,kind,and,robotic.,use,words,like,gadgets,and,nobita..,theme:,leadership,and,wisdom.,under,words. -> Found: None

[2026-04-26T16:12:46.236Z] Admin Query: "Give a short, 1-sentence motivational morning greeting in Hindi (Devanagari) as Doraemon. Be kind and robotic. Use words like gadgets and Nobita.. Theme: leadership and wisdom. Under 15 words."
Searching by Name terms: give,short,,1-sentence,motivational,morning,greeting,hindi,(devanagari),doraemon.,kind,and,robotic.,use,words,like,gadgets,and,nobita..,theme:,leadership,and,wisdom.,under,words. -> Found: None

[2026-04-26T16:12:52.251Z] Admin Query: "Give a short, 1-sentence motivational morning greeting in Hindi (Devanagari) as Doraemon. Be kind and robotic. Use words like gadgets and Nobita.. Theme: leadership and wisdom. Under 15 words."
Searching by Name terms: give,short,,1-sentence,motivational,morning,greeting,hindi,(devanagari),doraemon.,kind,and,robotic.,use,words,like,gadgets,and,nobita..,theme:,leadership,and,wisdom.,under,words. -> Found: None

[2026-04-26T16:13:06.553Z] Admin Query: "Give a short, 1-sentence motivational morning greeting in Hindi (Devanagari) as Doraemon. Be kind and robotic. Use words like gadgets and Nobita.. Theme: leadership and wisdom. Under 15 words."
Searching by Name terms: give,short,,1-sentence,motivational,morning,greeting,hindi,(devanagari),doraemon.,kind,and,robotic.,use,words,like,gadgets,and,nobita..,theme:,leadership,and,wisdom.,under,words. -> Found: None

[2026-04-26T16:13:14.231Z] Admin Query: "Give a short, 1-sentence motivational morning greeting in Hindi (Devanagari) as Doraemon. Be kind and robotic. Use words like gadgets and Nobita.. Theme: leadership and wisdom. Under 15 words."
Searching by Name terms: give,short,,1-sentence,motivational,morning,greeting,hindi,(devanagari),doraemon.,kind,and,robotic.,use,words,like,gadgets,and,nobita..,theme:,leadership,and,wisdom.,under,words. -> Found: None

[2026-04-26T16:13:22.213Z] Admin Query: "Give a short, 1-sentence motivational morning greeting in Hindi (Devanagari) as Doraemon. Be kind and robotic. Use words like gadgets and Nobita.. Theme: leadership and wisdom. Under 15 words."
Searching by Name terms: give,short,,1-sentence,motivational,morning,greeting,hindi,(devanagari),doraemon.,kind,and,robotic.,use,words,like,gadgets,and,nobita..,theme:,leadership,and,wisdom.,under,words. -> Found: None

[2026-04-26T16:13:30.233Z] Admin Query: "Give a short, 1-sentence motivational morning greeting in Hindi (Devanagari) as Doraemon. Be kind and robotic. Use words like gadgets and Nobita.. Theme: leadership and wisdom. Under 15 words."
Searching by Name terms: give,short,,1-sentence,motivational,morning,greeting,hindi,(devanagari),doraemon.,kind,and,robotic.,use,words,like,gadgets,and,nobita..,theme:,leadership,and,wisdom.,under,words. -> Found: None

[2026-04-26T16:13:38.230Z] Admin Query: "Give a short, 1-sentence motivational morning greeting in Hindi (Devanagari) as Doraemon. Be kind and robotic. Use words like gadgets and Nobita.. Theme: leadership and wisdom. Under 15 words."
Searching by Name terms: give,short,,1-sentence,motivational,morning,greeting,hindi,(devanagari),doraemon.,kind,and,robotic.,use,words,like,gadgets,and,nobita..,theme:,leadership,and,wisdom.,under,words. -> Found: None

[2026-04-26T16:13:44.226Z] Admin Query: "Give a short, 1-sentence motivational morning greeting in Hindi (Devanagari) as Chhota Bheem. Be brave and energetic. Talk about strength and Laddus.. Theme: leadership and wisdom. Under 15 words."
Searching by Name terms: give,short,,1-sentence,motivational,morning,greeting,hindi,(devanagari),chhota,bheem.,brave,and,energetic.,talk,about,strength,and,laddus..,theme:,leadership,and,wisdom.,under,words. -> Found: None

[2026-04-26T16:13:54.532Z] Admin Query: "Give a short, 1-sentence motivational morning greeting in Hindi (Devanagari) as Chhota Bheem. Be brave and energetic. Talk about strength and Laddus.. Theme: leadership and wisdom. Under 15 words."
Searching by Name terms: give,short,,1-sentence,motivational,morning,greeting,hindi,(devanagari),chhota,bheem.,brave,and,energetic.,talk,about,strength,and,laddus..,theme:,leadership,and,wisdom.,under,words. -> Found: None

[2026-04-26T16:14:12.219Z] Admin Query: "Give a short, 1-sentence motivational morning greeting in Hindi (Devanagari) as Chhota Bheem. Be brave and energetic. Talk about strength and Laddus.. Theme: leadership and wisdom. Under 15 words."
Searching by Name terms: give,short,,1-sentence,motivational,morning,greeting,hindi,(devanagari),chhota,bheem.,brave,and,energetic.,talk,about,strength,and,laddus..,theme:,leadership,and,wisdom.,under,words. -> Found: None

[2026-04-26T16:14:18.231Z] Admin Query: "Give a short, 1-sentence motivational morning greeting in Hindi (Devanagari) as Chhota Bheem. Be brave and energetic. Talk about strength and Laddus.. Theme: leadership and wisdom. Under 15 words."
Searching by Name terms: give,short,,1-sentence,motivational,morning,greeting,hindi,(devanagari),chhota,bheem.,brave,and,energetic.,talk,about,strength,and,laddus..,theme:,leadership,and,wisdom.,under,words. -> Found: None

[2026-04-26T16:14:24.405Z] Admin Query: "Give a short, 1-sentence motivational morning greeting in Hindi (Devanagari) as Chhota Bheem. Be brave and energetic. Talk about strength and Laddus.. Theme: leadership and wisdom. Under 15 words."
Searching by Name terms: give,short,,1-sentence,motivational,morning,greeting,hindi,(devanagari),chhota,bheem.,brave,and,energetic.,talk,about,strength,and,laddus..,theme:,leadership,and,wisdom.,under,words. -> Found: None

[2026-04-26T16:14:32.537Z] Admin Query: "Give a short, 1-sentence motivational morning greeting in Hindi (Devanagari) as Chhota Bheem. Be brave and energetic. Talk about strength and Laddus.. Theme: leadership and wisdom. Under 15 words."
Searching by Name terms: give,short,,1-sentence,motivational,morning,greeting,hindi,(devanagari),chhota,bheem.,brave,and,energetic.,talk,about,strength,and,laddus..,theme:,leadership,and,wisdom.,under,words. -> Found: None

[2026-04-26T16:14:38.530Z] Admin Query: "Give a short, 1-sentence motivational morning greeting in Hindi (Devanagari) as Chhota Bheem. Be brave and energetic. Talk about strength and Laddus.. Theme: leadership and wisdom. Under 15 words."
Searching by Name terms: give,short,,1-sentence,motivational,morning,greeting,hindi,(devanagari),chhota,bheem.,brave,and,energetic.,talk,about,strength,and,laddus..,theme:,leadership,and,wisdom.,under,words. -> Found: None

[2026-04-26T16:14:44.222Z] Admin Query: "Give a short, 1-sentence motivational morning greeting in Hindi (Devanagari) as Shin-chan. Be naughty, playful, and funny like a 5-year-old boy.. Theme: leadership and wisdom. Under 15 words."
Searching by Name terms: give,short,,1-sentence,motivational,morning,greeting,hindi,(devanagari),shin-chan.,naughty,,playful,,and,funny,like,5-year-old,boy..,theme:,leadership,and,wisdom.,under,words. -> Found: None

[2026-04-26T16:14:50.390Z] Admin Query: "Give a short, 1-sentence motivational morning greeting in Hindi (Devanagari) as Shin-chan. Be naughty, playful, and funny like a 5-year-old boy.. Theme: leadership and wisdom. Under 15 words."
Searching by Name terms: give,short,,1-sentence,motivational,morning,greeting,hindi,(devanagari),shin-chan.,naughty,,playful,,and,funny,like,5-year-old,boy..,theme:,leadership,and,wisdom.,under,words. -> Found: None

[2026-04-26T16:14:58.221Z] Admin Query: "Give a short, 1-sentence motivational morning greeting in Hindi (Devanagari) as Shin-chan. Be naughty, playful, and funny like a 5-year-old boy.. Theme: leadership and wisdom. Under 15 words."
Searching by Name terms: give,short,,1-sentence,motivational,morning,greeting,hindi,(devanagari),shin-chan.,naughty,,playful,,and,funny,like,5-year-old,boy..,theme:,leadership,and,wisdom.,under,words. -> Found: None

[2026-04-26T16:15:04.230Z] Admin Query: "Give a short, 1-sentence motivational morning greeting in Hindi (Devanagari) as Shin-chan. Be naughty, playful, and funny like a 5-year-old boy.. Theme: leadership and wisdom. Under 15 words."
Searching by Name terms: give,short,,1-sentence,motivational,morning,greeting,hindi,(devanagari),shin-chan.,naughty,,playful,,and,funny,like,5-year-old,boy..,theme:,leadership,and,wisdom.,under,words. -> Found: None

[2026-04-26T16:15:10.537Z] Admin Query: "Give a short, 1-sentence motivational morning greeting in Hindi (Devanagari) as Shin-chan. Be naughty, playful, and funny like a 5-year-old boy.. Theme: leadership and wisdom. Under 15 words."
Searching by Name terms: give,short,,1-sentence,motivational,morning,greeting,hindi,(devanagari),shin-chan.,naughty,,playful,,and,funny,like,5-year-old,boy..,theme:,leadership,and,wisdom.,under,words. -> Found: None

[2026-04-26T16:15:16.238Z] Admin Query: "Give a short, 1-sentence motivational morning greeting in Hindi (Devanagari) as Shin-chan. Be naughty, playful, and funny like a 5-year-old boy.. Theme: leadership and wisdom. Under 15 words."
Searching by Name terms: give,short,,1-sentence,motivational,morning,greeting,hindi,(devanagari),shin-chan.,naughty,,playful,,and,funny,like,5-year-old,boy..,theme:,leadership,and,wisdom.,under,words. -> Found: None

[2026-04-26T16:15:22.404Z] Admin Query: "Give a short, 1-sentence motivational morning greeting in Hindi (Devanagari) as Shin-chan. Be naughty, playful, and funny like a 5-year-old boy.. Theme: leadership and wisdom. Under 15 words."
Searching by Name terms: give,short,,1-sentence,motivational,morning,greeting,hindi,(devanagari),shin-chan.,naughty,,playful,,and,funny,like,5-year-old,boy..,theme:,leadership,and,wisdom.,under,words. -> Found: None

[2026-04-26T16:15:30.561Z] Admin Query: "Give a short, 1-sentence motivational morning greeting in Hindi (Devanagari) as Shin-chan. Be naughty, playful, and funny like a 5-year-old boy.. Theme: leadership and wisdom. Under 15 words."
Searching by Name terms: give,short,,1-sentence,motivational,morning,greeting,hindi,(devanagari),shin-chan.,naughty,,playful,,and,funny,like,5-year-old,boy..,theme:,leadership,and,wisdom.,under,words. -> Found: None

[2026-04-26T16:15:48.531Z] Admin Query: "Give a short, 1-sentence motivational morning greeting in Hindi (Devanagari) as a professional school assistant. Theme: leadership and wisdom. Under 15 words."
Searching by Name terms: give,short,,1-sentence,motivational,morning,greeting,hindi,(devanagari),professional,school,assistant.,theme:,leadership,and,wisdom.,under,words. -> Found: None

[2026-04-26T16:27:05.998Z] Admin Query: "Give a short, 1-sentence motivational morning greeting in Hindi (Devanagari) as a professional school assistant. Theme: leadership and wisdom. Under 15 words."
Searching by Name terms: give,short,,1-sentence,motivational,morning,greeting,hindi,(devanagari),professional,school,assistant.,theme:,leadership,and,wisdom.,under,words. -> Found: None

[2026-04-26T16:27:14.123Z] Admin Query: "Give a short, 1-sentence motivational morning greeting in Hindi (Devanagari) as Doraemon. Be kind and robotic. Mention gadgets and Nobita.. Theme: leadership and wisdom. Under 15 words."
Searching by Name terms: give,short,,1-sentence,motivational,morning,greeting,hindi,(devanagari),doraemon.,kind,and,robotic.,mention,gadgets,and,nobita..,theme:,leadership,and,wisdom.,under,words. -> Found: None

[2026-04-26T16:27:21.802Z] Admin Query: "Give a short, 1-sentence motivational morning greeting in Hindi (Devanagari) as Shin-chan. Be naughty, playful and funny like a mischievous 5-year-old.. Theme: leadership and wisdom. Under 15 words."
Searching by Name terms: give,short,,1-sentence,motivational,morning,greeting,hindi,(devanagari),shin-chan.,naughty,,playful,and,funny,like,mischievous,5-year-old..,theme:,leadership,and,wisdom.,under,words. -> Found: None

[2026-04-26T16:27:29.805Z] Admin Query: "Give a short, 1-sentence motivational morning greeting in Hindi (Devanagari) as Motu from Motu Patlu. Be jolly and funny. Mention samosas and Patlu.. Theme: leadership and wisdom. Under 15 words."
Searching by Name terms: give,short,,1-sentence,motivational,morning,greeting,hindi,(devanagari),motu,from,motu,patlu.,jolly,and,funny.,mention,samosas,and,patlu..,theme:,leadership,and,wisdom.,under,words. -> Found: None

[2026-04-26T16:27:35.825Z] Admin Query: "Give a short, 1-sentence motivational morning greeting in Hindi (Devanagari) as Ninja Hattori. Be disciplined and wise. Talk about training and honor.. Theme: leadership and wisdom. Under 15 words."
Searching by Name terms: give,short,,1-sentence,motivational,morning,greeting,hindi,(devanagari),ninja,hattori.,disciplined,and,wise.,talk,about,training,and,honor..,theme:,leadership,and,wisdom.,under,words. -> Found: None

[2026-04-26T16:27:43.822Z] Admin Query: "Give a short, 1-sentence motivational morning greeting in Hindi (Devanagari) as Ninja Hattori. Be disciplined and wise. Talk about training and honor.. Theme: leadership and wisdom. Under 15 words."
Searching by Name terms: give,short,,1-sentence,motivational,morning,greeting,hindi,(devanagari),ninja,hattori.,disciplined,and,wise.,talk,about,training,and,honor..,theme:,leadership,and,wisdom.,under,words. -> Found: None

[2026-04-26T16:27:51.633Z] Admin Query: "Give a short, 1-sentence motivational morning greeting in Hindi (Devanagari) as Lord Krishna. Be wise, calm and divine. Mention wisdom and knowledge.. Theme: leadership and wisdom. Under 15 words."
Searching by Name terms: give,short,,1-sentence,motivational,morning,greeting,hindi,(devanagari),lord,krishna.,wise,,calm,and,divine.,mention,wisdom,and,knowledge..,theme:,leadership,and,wisdom.,under,words. -> Found: None

[2026-04-26T16:27:57.833Z] Admin Query: "Give a short, 1-sentence motivational morning greeting in Hindi (Devanagari) as Mighty Raju the superhero. Be energetic and heroic. Motivate like a superhero.. Theme: leadership and wisdom. Under 15 words."
Searching by Name terms: give,short,,1-sentence,motivational,morning,greeting,hindi,(devanagari),mighty,raju,the,superhero.,energetic,and,heroic.,motivate,like,superhero..,theme:,leadership,and,wisdom.,under,words. -> Found: None

[2026-04-26T16:28:05.826Z] Admin Query: "Give a short, 1-sentence motivational morning greeting in Hindi (Devanagari) as Oggy the cat. Be silly, funny and dramatic.. Theme: leadership and wisdom. Under 15 words."
Searching by Name terms: give,short,,1-sentence,motivational,morning,greeting,hindi,(devanagari),oggy,the,cat.,silly,,funny,and,dramatic..,theme:,leadership,and,wisdom.,under,words. -> Found: None

[2026-04-26T16:28:11.824Z] Admin Query: "Give a short, 1-sentence motivational morning greeting in Hindi (Devanagari) as Oggy the cat. Be silly, funny and dramatic.. Theme: leadership and wisdom. Under 15 words."
Searching by Name terms: give,short,,1-sentence,motivational,morning,greeting,hindi,(devanagari),oggy,the,cat.,silly,,funny,and,dramatic..,theme:,leadership,and,wisdom.,under,words. -> Found: None

[2026-04-26T16:28:17.965Z] Admin Query: "Give a short, 1-sentence motivational morning greeting in Hindi (Devanagari) as Oggy the cat. Be silly, funny and dramatic.. Theme: leadership and wisdom. Under 15 words."
Searching by Name terms: give,short,,1-sentence,motivational,morning,greeting,hindi,(devanagari),oggy,the,cat.,silly,,funny,and,dramatic..,theme:,leadership,and,wisdom.,under,words. -> Found: None

[2026-04-26T16:41:47.527Z] Admin Query: "Give a short, 1-sentence motivational morning greeting in Hindi (Devanagari) as a professional school assistant. Theme: leadership and wisdom. Under 15 words."
Searching by Name terms: give,short,,1-sentence,motivational,morning,greeting,hindi,(devanagari),professional,school,assistant.,theme:,leadership,and,wisdom.,under,words. -> Found: None

[2026-04-26T16:41:55.533Z] Admin Query: "Give a short, 1-sentence motivational morning greeting in Hindi (Devanagari) as a professional school assistant. Theme: leadership and wisdom. Under 15 words."
Searching by Name terms: give,short,,1-sentence,motivational,morning,greeting,hindi,(devanagari),professional,school,assistant.,theme:,leadership,and,wisdom.,under,words. -> Found: None

[2026-04-26T16:42:09.540Z] Admin Query: "Give a short, 1-sentence motivational morning greeting in Hindi (Devanagari) as a professional school assistant. Theme: leadership and wisdom. Under 15 words."
Searching by Name terms: give,short,,1-sentence,motivational,morning,greeting,hindi,(devanagari),professional,school,assistant.,theme:,leadership,and,wisdom.,under,words. -> Found: None

[2026-04-26T16:42:23.831Z] Admin Query: "Give a short, 1-sentence motivational morning greeting in Hindi (Devanagari) as a professional school assistant. Theme: leadership and wisdom. Under 15 words."
Searching by Name terms: give,short,,1-sentence,motivational,morning,greeting,hindi,(devanagari),professional,school,assistant.,theme:,leadership,and,wisdom.,under,words. -> Found: None

[2026-04-26T16:42:33.496Z] Admin Query: "Give a short, 1-sentence motivational morning greeting in Hindi (Devanagari) as a professional school assistant. Theme: leadership and wisdom. Under 15 words."
Searching by Name terms: give,short,,1-sentence,motivational,morning,greeting,hindi,(devanagari),professional,school,assistant.,theme:,leadership,and,wisdom.,under,words. -> Found: None

[2026-04-26T16:42:41.553Z] Admin Query: "Give a short, 1-sentence motivational morning greeting in Hindi (Devanagari) as a professional school assistant. Theme: leadership and wisdom. Under 15 words."
Searching by Name terms: give,short,,1-sentence,motivational,morning,greeting,hindi,(devanagari),professional,school,assistant.,theme:,leadership,and,wisdom.,under,words. -> Found: None

[2026-04-26T16:42:49.536Z] Admin Query: "Give a short, 1-sentence motivational morning greeting in Hindi (Devanagari) as a professional school assistant. Theme: leadership and wisdom. Under 15 words."
Searching by Name terms: give,short,,1-sentence,motivational,morning,greeting,hindi,(devanagari),professional,school,assistant.,theme:,leadership,and,wisdom.,under,words. -> Found: None

[2026-04-26T16:43:05.900Z] Admin Query: "Give a short, 1-sentence motivational morning greeting in Hindi (Devanagari) as a professional school assistant. Theme: leadership and wisdom. Under 15 words."
Searching by Name terms: give,short,,1-sentence,motivational,morning,greeting,hindi,(devanagari),professional,school,assistant.,theme:,leadership,and,wisdom.,under,words. -> Found: None

[2026-04-26T16:43:27.529Z] Admin Query: "Give a short, 1-sentence motivational morning greeting in Hindi (Devanagari) as Chhota Bheem. Be brave and strong. Talk about Laddus and courage.. Theme: leadership and wisdom. Under 15 words."
Searching by Name terms: give,short,,1-sentence,motivational,morning,greeting,hindi,(devanagari),chhota,bheem.,brave,and,strong.,talk,about,laddus,and,courage..,theme:,leadership,and,wisdom.,under,words. -> Found: None

[2026-04-26T16:43:55.541Z] Admin Query: "Give a short, 1-sentence motivational morning greeting in Hindi (Devanagari) as Chhota Bheem. Be brave and strong. Talk about Laddus and courage.. Theme: leadership and wisdom. Under 15 words."
Searching by Name terms: give,short,,1-sentence,motivational,morning,greeting,hindi,(devanagari),chhota,bheem.,brave,and,strong.,talk,about,laddus,and,courage..,theme:,leadership,and,wisdom.,under,words. -> Found: None

[2026-04-26T16:44:01.551Z] Admin Query: "Give a short, 1-sentence motivational morning greeting in Hindi (Devanagari) as Shin-chan. Be naughty, playful and funny like a mischievous 5-year-old.. Theme: leadership and wisdom. Under 15 words."
Searching by Name terms: give,short,,1-sentence,motivational,morning,greeting,hindi,(devanagari),shin-chan.,naughty,,playful,and,funny,like,mischievous,5-year-old..,theme:,leadership,and,wisdom.,under,words. -> Found: None

[2026-04-26T16:44:09.538Z] Admin Query: "Give a short, 1-sentence motivational morning greeting in Hindi (Devanagari) as Shin-chan. Be naughty, playful and funny like a mischievous 5-year-old.. Theme: leadership and wisdom. Under 15 words."
Searching by Name terms: give,short,,1-sentence,motivational,morning,greeting,hindi,(devanagari),shin-chan.,naughty,,playful,and,funny,like,mischievous,5-year-old..,theme:,leadership,and,wisdom.,under,words. -> Found: None

[2026-04-26T16:44:15.538Z] Admin Query: "Give a short, 1-sentence motivational morning greeting in Hindi (Devanagari) as Shin-chan. Be naughty, playful and funny like a mischievous 5-year-old.. Theme: leadership and wisdom. Under 15 words."
Searching by Name terms: give,short,,1-sentence,motivational,morning,greeting,hindi,(devanagari),shin-chan.,naughty,,playful,and,funny,like,mischievous,5-year-old..,theme:,leadership,and,wisdom.,under,words. -> Found: None

[2026-04-26T16:44:23.550Z] Admin Query: "Give a short, 1-sentence motivational morning greeting in Hindi (Devanagari) as Shin-chan. Be naughty, playful and funny like a mischievous 5-year-old.. Theme: leadership and wisdom. Under 15 words."
Searching by Name terms: give,short,,1-sentence,motivational,morning,greeting,hindi,(devanagari),shin-chan.,naughty,,playful,and,funny,like,mischievous,5-year-old..,theme:,leadership,and,wisdom.,under,words. -> Found: None

[2026-04-26T16:44:31.703Z] Admin Query: "Give a short, 1-sentence motivational morning greeting in Hindi (Devanagari) as Shin-chan. Be naughty, playful and funny like a mischievous 5-year-old.. Theme: leadership and wisdom. Under 15 words."
Searching by Name terms: give,short,,1-sentence,motivational,morning,greeting,hindi,(devanagari),shin-chan.,naughty,,playful,and,funny,like,mischievous,5-year-old..,theme:,leadership,and,wisdom.,under,words. -> Found: None

[2026-04-26T16:44:39.540Z] Admin Query: "Give a short, 1-sentence motivational morning greeting in Hindi (Devanagari) as Motu from Motu Patlu. Be jolly and funny. Mention samosas and Patlu.. Theme: leadership and wisdom. Under 15 words."
Searching by Name terms: give,short,,1-sentence,motivational,morning,greeting,hindi,(devanagari),motu,from,motu,patlu.,jolly,and,funny.,mention,samosas,and,patlu..,theme:,leadership,and,wisdom.,under,words. -> Found: None

[2026-04-26T16:44:47.521Z] Admin Query: "Give a short, 1-sentence motivational morning greeting in Hindi (Devanagari) as Motu from Motu Patlu. Be jolly and funny. Mention samosas and Patlu.. Theme: leadership and wisdom. Under 15 words."
Searching by Name terms: give,short,,1-sentence,motivational,morning,greeting,hindi,(devanagari),motu,from,motu,patlu.,jolly,and,funny.,mention,samosas,and,patlu..,theme:,leadership,and,wisdom.,under,words. -> Found: None

[2026-04-26T16:44:53.533Z] Admin Query: "Give a short, 1-sentence motivational morning greeting in Hindi (Devanagari) as Motu from Motu Patlu. Be jolly and funny. Mention samosas and Patlu.. Theme: leadership and wisdom. Under 15 words."
Searching by Name terms: give,short,,1-sentence,motivational,morning,greeting,hindi,(devanagari),motu,from,motu,patlu.,jolly,and,funny.,mention,samosas,and,patlu..,theme:,leadership,and,wisdom.,under,words. -> Found: None

[2026-04-26T16:45:01.541Z] Admin Query: "Give a short, 1-sentence motivational morning greeting in Hindi (Devanagari) as Ninja Hattori. Be disciplined and wise. Talk about training and honor.. Theme: leadership and wisdom. Under 15 words."
Searching by Name terms: give,short,,1-sentence,motivational,morning,greeting,hindi,(devanagari),ninja,hattori.,disciplined,and,wise.,talk,about,training,and,honor..,theme:,leadership,and,wisdom.,under,words. -> Found: None

[2026-04-26T16:45:09.532Z] Admin Query: "Give a short, 1-sentence motivational morning greeting in Hindi (Devanagari) as Ninja Hattori. Be disciplined and wise. Talk about training and honor.. Theme: leadership and wisdom. Under 15 words."
Searching by Name terms: give,short,,1-sentence,motivational,morning,greeting,hindi,(devanagari),ninja,hattori.,disciplined,and,wise.,talk,about,training,and,honor..,theme:,leadership,and,wisdom.,under,words. -> Found: None

[2026-04-26T16:45:15.920Z] Admin Query: "Give a short, 1-sentence motivational morning greeting in Hindi (Devanagari) as Ninja Hattori. Be disciplined and wise. Talk about training and honor.. Theme: leadership and wisdom. Under 15 words."
Searching by Name terms: give,short,,1-sentence,motivational,morning,greeting,hindi,(devanagari),ninja,hattori.,disciplined,and,wise.,talk,about,training,and,honor..,theme:,leadership,and,wisdom.,under,words. -> Found: None

[2026-04-26T16:45:23.549Z] Admin Query: "Give a short, 1-sentence motivational morning greeting in Hindi (Devanagari) as Ninja Hattori. Be disciplined and wise. Talk about training and honor.. Theme: leadership and wisdom. Under 15 words."
Searching by Name terms: give,short,,1-sentence,motivational,morning,greeting,hindi,(devanagari),ninja,hattori.,disciplined,and,wise.,talk,about,training,and,honor..,theme:,leadership,and,wisdom.,under,words. -> Found: None

[2026-04-26T16:45:43.510Z] Admin Query: "Give a short, 1-sentence motivational morning greeting in Hindi (Devanagari) as Ninja Hattori. Be disciplined and wise. Talk about training and honor.. Theme: leadership and wisdom. Under 15 words."
Searching by Name terms: give,short,,1-sentence,motivational,morning,greeting,hindi,(devanagari),ninja,hattori.,disciplined,and,wise.,talk,about,training,and,honor..,theme:,leadership,and,wisdom.,under,words. -> Found: None

[2026-04-26T16:45:49.531Z] Admin Query: "Give a short, 1-sentence motivational morning greeting in Hindi (Devanagari) as Lord Krishna. Be wise, calm and divine. Mention wisdom and knowledge.. Theme: leadership and wisdom. Under 15 words."
Searching by Name terms: give,short,,1-sentence,motivational,morning,greeting,hindi,(devanagari),lord,krishna.,wise,,calm,and,divine.,mention,wisdom,and,knowledge..,theme:,leadership,and,wisdom.,under,words. -> Found: None

[2026-04-26T16:45:57.510Z] Admin Query: "Give a short, 1-sentence motivational morning greeting in Hindi (Devanagari) as Lord Krishna. Be wise, calm and divine. Mention wisdom and knowledge.. Theme: leadership and wisdom. Under 15 words."
Searching by Name terms: give,short,,1-sentence,motivational,morning,greeting,hindi,(devanagari),lord,krishna.,wise,,calm,and,divine.,mention,wisdom,and,knowledge..,theme:,leadership,and,wisdom.,under,words. -> Found: None

[2026-04-26T16:46:03.540Z] Admin Query: "Give a short, 1-sentence motivational morning greeting in Hindi (Devanagari) as Lord Krishna. Be wise, calm and divine. Mention wisdom and knowledge.. Theme: leadership and wisdom. Under 15 words."
Searching by Name terms: give,short,,1-sentence,motivational,morning,greeting,hindi,(devanagari),lord,krishna.,wise,,calm,and,divine.,mention,wisdom,and,knowledge..,theme:,leadership,and,wisdom.,under,words. -> Found: None

[2026-04-26T16:46:11.532Z] Admin Query: "Give a short, 1-sentence motivational morning greeting in Hindi (Devanagari) as Mighty Raju the superhero. Be energetic and heroic. Motivate like a superhero.. Theme: leadership and wisdom. Under 15 words."
Searching by Name terms: give,short,,1-sentence,motivational,morning,greeting,hindi,(devanagari),mighty,raju,the,superhero.,energetic,and,heroic.,motivate,like,superhero..,theme:,leadership,and,wisdom.,under,words. -> Found: None

[2026-04-26T16:46:17.549Z] Admin Query: "Give a short, 1-sentence motivational morning greeting in Hindi (Devanagari) as Mighty Raju the superhero. Be energetic and heroic. Motivate like a superhero.. Theme: leadership and wisdom. Under 15 words."
Searching by Name terms: give,short,,1-sentence,motivational,morning,greeting,hindi,(devanagari),mighty,raju,the,superhero.,energetic,and,heroic.,motivate,like,superhero..,theme:,leadership,and,wisdom.,under,words. -> Found: None

[2026-04-26T16:46:25.539Z] Admin Query: "Give a short, 1-sentence motivational morning greeting in Hindi (Devanagari) as Mighty Raju the superhero. Be energetic and heroic. Motivate like a superhero.. Theme: leadership and wisdom. Under 15 words."
Searching by Name terms: give,short,,1-sentence,motivational,morning,greeting,hindi,(devanagari),mighty,raju,the,superhero.,energetic,and,heroic.,motivate,like,superhero..,theme:,leadership,and,wisdom.,under,words. -> Found: None

[2026-04-26T16:46:35.733Z] Admin Query: "Give a short, 1-sentence motivational morning greeting in Hindi (Devanagari) as Mighty Raju the superhero. Be energetic and heroic. Motivate like a superhero.. Theme: leadership and wisdom. Under 15 words."
Searching by Name terms: give,short,,1-sentence,motivational,morning,greeting,hindi,(devanagari),mighty,raju,the,superhero.,energetic,and,heroic.,motivate,like,superhero..,theme:,leadership,and,wisdom.,under,words. -> Found: None

[2026-04-26T16:46:38.017Z] Admin Query: "Give a short, 1-sentence motivational morning greeting in Hindi (Devanagari) as Mighty Raju the superhero. Be energetic and heroic. Motivate like a superhero.. Theme: leadership and wisdom. Under 15 words."
Searching by Name terms: give,short,,1-sentence,motivational,morning,greeting,hindi,(devanagari),mighty,raju,the,superhero.,energetic,and,heroic.,motivate,like,superhero..,theme:,leadership,and,wisdom.,under,words. -> Found: None

[2026-04-26T16:46:43.880Z] Admin Query: "Give a short, 1-sentence motivational morning greeting in Hindi (Devanagari) as Mighty Raju the superhero. Be energetic and heroic. Motivate like a superhero.. Theme: leadership and wisdom. Under 15 words."
Searching by Name terms: give,short,,1-sentence,motivational,morning,greeting,hindi,(devanagari),mighty,raju,the,superhero.,energetic,and,heroic.,motivate,like,superhero..,theme:,leadership,and,wisdom.,under,words. -> Found: None

[2026-04-26T16:46:50.408Z] Admin Query: "Give a short, 1-sentence motivational morning greeting in Hindi (Devanagari) as Mighty Raju the superhero. Be energetic and heroic. Motivate like a superhero.. Theme: leadership and wisdom. Under 15 words."
Searching by Name terms: give,short,,1-sentence,motivational,morning,greeting,hindi,(devanagari),mighty,raju,the,superhero.,energetic,and,heroic.,motivate,like,superhero..,theme:,leadership,and,wisdom.,under,words. -> Found: None

[2026-04-26T16:46:56.974Z] Admin Query: "Give a short, 1-sentence motivational morning greeting in Hindi (Devanagari) as Mighty Raju the superhero. Be energetic and heroic. Motivate like a superhero.. Theme: leadership and wisdom. Under 15 words."
Searching by Name terms: give,short,,1-sentence,motivational,morning,greeting,hindi,(devanagari),mighty,raju,the,superhero.,energetic,and,heroic.,motivate,like,superhero..,theme:,leadership,and,wisdom.,under,words. -> Found: None

[2026-04-26T16:47:03.711Z] Admin Query: "Give a short, 1-sentence motivational morning greeting in Hindi (Devanagari) as Mighty Raju the superhero. Be energetic and heroic. Motivate like a superhero.. Theme: leadership and wisdom. Under 15 words."
Searching by Name terms: give,short,,1-sentence,motivational,morning,greeting,hindi,(devanagari),mighty,raju,the,superhero.,energetic,and,heroic.,motivate,like,superhero..,theme:,leadership,and,wisdom.,under,words. -> Found: None

[2026-04-26T16:47:17.565Z] Admin Query: "Give a short, 1-sentence motivational morning greeting in Hindi (Devanagari) as Mighty Raju the superhero. Be energetic and heroic. Motivate like a superhero.. Theme: leadership and wisdom. Under 15 words."
Searching by Name terms: give,short,,1-sentence,motivational,morning,greeting,hindi,(devanagari),mighty,raju,the,superhero.,energetic,and,heroic.,motivate,like,superhero..,theme:,leadership,and,wisdom.,under,words. -> Found: None

[2026-04-26T16:47:22.064Z] Admin Query: "Give a short, 1-sentence motivational greeting in Hindi (Devanagari) as Mighty Raju the superhero. Be energetic and heroic. Motivate like a superhero.. Theme: curiosity and dreams. Under 15 words."
Searching by Name terms: give,short,,1-sentence,motivational,greeting,hindi,(devanagari),mighty,raju,the,superhero.,energetic,and,heroic.,motivate,like,superhero..,theme:,curiosity,and,dreams.,under,words. -> Found: None

[2026-04-26T16:47:23.747Z] Admin Query: "Give a short, 1-sentence motivational morning greeting in Hindi (Devanagari) as Mighty Raju the superhero. Be energetic and heroic. Motivate like a superhero.. Theme: leadership and wisdom. Under 15 words."
Searching by Name terms: give,short,,1-sentence,motivational,morning,greeting,hindi,(devanagari),mighty,raju,the,superhero.,energetic,and,heroic.,motivate,like,superhero..,theme:,leadership,and,wisdom.,under,words. -> Found: None

[2026-04-26T16:47:31.672Z] Admin Query: "Give a short, 1-sentence motivational morning greeting in Hindi (Devanagari) as Mighty Raju the superhero. Be energetic and heroic. Motivate like a superhero.. Theme: leadership and wisdom. Under 15 words."
Searching by Name terms: give,short,,1-sentence,motivational,morning,greeting,hindi,(devanagari),mighty,raju,the,superhero.,energetic,and,heroic.,motivate,like,superhero..,theme:,leadership,and,wisdom.,under,words. -> Found: None

[2026-04-26T16:47:37.680Z] Admin Query: "Give a short, 1-sentence motivational morning greeting in Hindi (Devanagari) as Mighty Raju the superhero. Be energetic and heroic. Motivate like a superhero.. Theme: leadership and wisdom. Under 15 words."
Searching by Name terms: give,short,,1-sentence,motivational,morning,greeting,hindi,(devanagari),mighty,raju,the,superhero.,energetic,and,heroic.,motivate,like,superhero..,theme:,leadership,and,wisdom.,under,words. -> Found: None

[2026-04-26T16:47:39.719Z] Admin Query: "Give a short, 1-sentence motivational greeting in Hindi (Devanagari) as Mighty Raju the superhero. Be energetic and heroic. Motivate like a superhero.. Theme: curiosity and dreams. Under 15 words."
Searching by Name terms: give,short,,1-sentence,motivational,greeting,hindi,(devanagari),mighty,raju,the,superhero.,energetic,and,heroic.,motivate,like,superhero..,theme:,curiosity,and,dreams.,under,words. -> Found: None

[2026-04-26T16:47:45.686Z] Admin Query: "Give a short, 1-sentence motivational morning greeting in Hindi (Devanagari) as Mighty Raju the superhero. Be energetic and heroic. Motivate like a superhero.. Theme: leadership and wisdom. Under 15 words."
Searching by Name terms: give,short,,1-sentence,motivational,morning,greeting,hindi,(devanagari),mighty,raju,the,superhero.,energetic,and,heroic.,motivate,like,superhero..,theme:,leadership,and,wisdom.,under,words. -> Found: None

[2026-04-26T16:47:47.729Z] Admin Query: "Give a short, 1-sentence motivational greeting in Hindi (Devanagari) as Mighty Raju the superhero. Be energetic and heroic. Motivate like a superhero.. Theme: curiosity and dreams. Under 15 words."
Searching by Name terms: give,short,,1-sentence,motivational,greeting,hindi,(devanagari),mighty,raju,the,superhero.,energetic,and,heroic.,motivate,like,superhero..,theme:,curiosity,and,dreams.,under,words. -> Found: None

[2026-04-26T16:47:51.716Z] Admin Query: "Give a short, 1-sentence motivational morning greeting in Hindi (Devanagari) as Mighty Raju the superhero. Be energetic and heroic. Motivate like a superhero.. Theme: leadership and wisdom. Under 15 words."
Searching by Name terms: give,short,,1-sentence,motivational,morning,greeting,hindi,(devanagari),mighty,raju,the,superhero.,energetic,and,heroic.,motivate,like,superhero..,theme:,leadership,and,wisdom.,under,words. -> Found: None

[2026-04-26T16:47:59.668Z] Admin Query: "Give a short, 1-sentence motivational morning greeting in Hindi (Devanagari) as Oggy the cat. Be silly, funny and dramatic.. Theme: leadership and wisdom. Under 15 words."
Searching by Name terms: give,short,,1-sentence,motivational,morning,greeting,hindi,(devanagari),oggy,the,cat.,silly,,funny,and,dramatic..,theme:,leadership,and,wisdom.,under,words. -> Found: None

[2026-04-26T16:48:07.799Z] Admin Query: "Give a short, 1-sentence motivational morning greeting in Hindi (Devanagari) as Tom from Tom and Jerry. Be dramatic and expressive.. Theme: leadership and wisdom. Under 15 words."
Searching by Name terms: give,short,,1-sentence,motivational,morning,greeting,hindi,(devanagari),tom,from,tom,and,jerry.,dramatic,and,expressive..,theme:,leadership,and,wisdom.,under,words. -> Found: None

[2026-04-26T16:48:15.688Z] Admin Query: "Give a short, 1-sentence motivational morning greeting in Hindi (Devanagari) as Tom from Tom and Jerry. Be dramatic and expressive.. Theme: leadership and wisdom. Under 15 words."
Searching by Name terms: give,short,,1-sentence,motivational,morning,greeting,hindi,(devanagari),tom,from,tom,and,jerry.,dramatic,and,expressive..,theme:,leadership,and,wisdom.,under,words. -> Found: None

[2026-04-26T16:48:21.713Z] Admin Query: "Give a short, 1-sentence motivational morning greeting in Hindi (Devanagari) as Tom from Tom and Jerry. Be dramatic and expressive.. Theme: leadership and wisdom. Under 15 words."
Searching by Name terms: give,short,,1-sentence,motivational,morning,greeting,hindi,(devanagari),tom,from,tom,and,jerry.,dramatic,and,expressive..,theme:,leadership,and,wisdom.,under,words. -> Found: None

[2026-04-26T16:48:29.520Z] Admin Query: "Give a short, 1-sentence motivational morning greeting in Hindi (Devanagari) as Tom from Tom and Jerry. Be dramatic and expressive.. Theme: leadership and wisdom. Under 15 words."
Searching by Name terms: give,short,,1-sentence,motivational,morning,greeting,hindi,(devanagari),tom,from,tom,and,jerry.,dramatic,and,expressive..,theme:,leadership,and,wisdom.,under,words. -> Found: None

[2026-04-26T16:48:35.571Z] Admin Query: "Give a short, 1-sentence motivational morning greeting in Hindi (Devanagari) as a professional school assistant. Theme: leadership and wisdom. Under 15 words."
Searching by Name terms: give,short,,1-sentence,motivational,morning,greeting,hindi,(devanagari),professional,school,assistant.,theme:,leadership,and,wisdom.,under,words. -> Found: None

[2026-04-26T16:48:43.533Z] Admin Query: "Give a short, 1-sentence motivational morning greeting in Hindi (Devanagari) as a professional school assistant. Theme: leadership and wisdom. Under 15 words."
Searching by Name terms: give,short,,1-sentence,motivational,morning,greeting,hindi,(devanagari),professional,school,assistant.,theme:,leadership,and,wisdom.,under,words. -> Found: None

[2026-04-26T16:48:49.854Z] Admin Query: "Give a short, 1-sentence motivational morning greeting in Hindi (Devanagari) as a professional school assistant. Theme: leadership and wisdom. Under 15 words."
Searching by Name terms: give,short,,1-sentence,motivational,morning,greeting,hindi,(devanagari),professional,school,assistant.,theme:,leadership,and,wisdom.,under,words. -> Found: None

[2026-04-26T16:48:57.531Z] Admin Query: "Give a short, 1-sentence motivational morning greeting in Hindi (Devanagari) as a professional school assistant. Theme: leadership and wisdom. Under 15 words."
Searching by Name terms: give,short,,1-sentence,motivational,morning,greeting,hindi,(devanagari),professional,school,assistant.,theme:,leadership,and,wisdom.,under,words. -> Found: None

[2026-04-26T16:49:05.526Z] Admin Query: "Give a short, 1-sentence motivational morning greeting in Hindi (Devanagari) as a professional school assistant. Theme: leadership and wisdom. Under 15 words."
Searching by Name terms: give,short,,1-sentence,motivational,morning,greeting,hindi,(devanagari),professional,school,assistant.,theme:,leadership,and,wisdom.,under,words. -> Found: None

[2026-04-26T16:50:42.386Z] Admin Query: "Give a short, 1-sentence motivational morning greeting in Hindi (Devanagari) as a professional school assistant. Theme: leadership and wisdom. Under 15 words."
Searching by Name terms: give,short,,1-sentence,motivational,morning,greeting,hindi,(devanagari),professional,school,assistant.,theme:,leadership,and,wisdom.,under,words. -> Found: None

[2026-04-26T16:50:49.200Z] Admin Query: "Give a short, 1-sentence motivational morning greeting in Hindi (Devanagari) as a professional school assistant. Theme: leadership and wisdom. Under 15 words."
Searching by Name terms: give,short,,1-sentence,motivational,morning,greeting,hindi,(devanagari),professional,school,assistant.,theme:,leadership,and,wisdom.,under,words. -> Found: None

[2026-04-26T16:50:56.391Z] Admin Query: "Give a short, 1-sentence motivational morning greeting in Hindi (Devanagari) as a professional school assistant. Theme: leadership and wisdom. Under 15 words."
Searching by Name terms: give,short,,1-sentence,motivational,morning,greeting,hindi,(devanagari),professional,school,assistant.,theme:,leadership,and,wisdom.,under,words. -> Found: None

[2026-04-26T16:51:04.392Z] Admin Query: "Give a short, 1-sentence motivational morning greeting in Hindi (Devanagari) as a professional school assistant. Theme: leadership and wisdom. Under 15 words."
Searching by Name terms: give,short,,1-sentence,motivational,morning,greeting,hindi,(devanagari),professional,school,assistant.,theme:,leadership,and,wisdom.,under,words. -> Found: None

[2026-04-26T16:51:22.385Z] Admin Query: "Give a short, 1-sentence motivational morning greeting in Hindi (Devanagari) as a professional school assistant. Theme: leadership and wisdom. Under 15 words."
Searching by Name terms: give,short,,1-sentence,motivational,morning,greeting,hindi,(devanagari),professional,school,assistant.,theme:,leadership,and,wisdom.,under,words. -> Found: None

[2026-04-26T16:51:30.390Z] Admin Query: "Give a short, 1-sentence motivational morning greeting in Hindi (Devanagari) as a professional school assistant. Theme: leadership and wisdom. Under 15 words."
Searching by Name terms: give,short,,1-sentence,motivational,morning,greeting,hindi,(devanagari),professional,school,assistant.,theme:,leadership,and,wisdom.,under,words. -> Found: None

[2026-04-26T16:51:38.425Z] Admin Query: "Give a short, 1-sentence motivational morning greeting in Hindi (Devanagari) as a professional school assistant. Theme: leadership and wisdom. Under 15 words."
Searching by Name terms: give,short,,1-sentence,motivational,morning,greeting,hindi,(devanagari),professional,school,assistant.,theme:,leadership,and,wisdom.,under,words. -> Found: None

[2026-04-26T16:51:46.371Z] Admin Query: "Give a short, 1-sentence motivational morning greeting in Hindi (Devanagari) as a professional school assistant. Theme: leadership and wisdom. Under 15 words."
Searching by Name terms: give,short,,1-sentence,motivational,morning,greeting,hindi,(devanagari),professional,school,assistant.,theme:,leadership,and,wisdom.,under,words. -> Found: None

[2026-04-26T16:51:52.418Z] Admin Query: "Give a short, 1-sentence motivational morning greeting in Hindi (Devanagari) as a professional school assistant. Theme: leadership and wisdom. Under 15 words."
Searching by Name terms: give,short,,1-sentence,motivational,morning,greeting,hindi,(devanagari),professional,school,assistant.,theme:,leadership,and,wisdom.,under,words. -> Found: None

[2026-04-26T16:52:00.392Z] Admin Query: "Give a short, 1-sentence motivational morning greeting in Hindi (Devanagari) as a professional school assistant. Theme: leadership and wisdom. Under 15 words."
Searching by Name terms: give,short,,1-sentence,motivational,morning,greeting,hindi,(devanagari),professional,school,assistant.,theme:,leadership,and,wisdom.,under,words. -> Found: None

[2026-04-26T16:52:28.680Z] Admin Query: "Give a short, 1-sentence motivational morning greeting in Hindi (Devanagari) as a professional school assistant. Theme: leadership and wisdom. Under 15 words."
Searching by Name terms: give,short,,1-sentence,motivational,morning,greeting,hindi,(devanagari),professional,school,assistant.,theme:,leadership,and,wisdom.,under,words. -> Found: None

[2026-04-26T16:52:52.393Z] Admin Query: "Give a short, 1-sentence motivational morning greeting in Hindi (Devanagari) as a professional school assistant. Theme: leadership and wisdom. Under 15 words."
Searching by Name terms: give,short,,1-sentence,motivational,morning,greeting,hindi,(devanagari),professional,school,assistant.,theme:,leadership,and,wisdom.,under,words. -> Found: None

[2026-04-26T16:53:08.671Z] Admin Query: "Give a short, 1-sentence motivational morning greeting in Hindi (Devanagari) as a professional school assistant. Theme: leadership and wisdom. Under 15 words."
Searching by Name terms: give,short,,1-sentence,motivational,morning,greeting,hindi,(devanagari),professional,school,assistant.,theme:,leadership,and,wisdom.,under,words. -> Found: None

[2026-04-26T17:01:56.756Z] Admin Query: "Give a short, 1-sentence motivational morning greeting in Hindi (Devanagari) as a professional school assistant. Theme: leadership and wisdom. Under 15 words."
Searching by Name terms: give,short,,1-sentence,motivational,morning,greeting,hindi,(devanagari),professional,school,assistant.,theme:,leadership,and,wisdom.,under,words. -> Found: None

[2026-04-26T17:03:58.801Z] Admin Query: "Give a short, 1-sentence motivational morning greeting in Hindi (Devanagari) as a professional school assistant. Theme: leadership and wisdom. Under 15 words."
Searching by Name terms: give,short,,1-sentence,motivational,morning,greeting,hindi,(devanagari),professional,school,assistant.,theme:,leadership,and,wisdom.,under,words. -> Found: None

[2026-04-26T17:04:06.801Z] Admin Query: "Give a short, 1-sentence motivational morning greeting in Hindi (Devanagari) as Doraemon. Be kind and robotic. Mention gadgets and Nobita.. Theme: leadership and wisdom. Under 15 words."
Searching by Name terms: give,short,,1-sentence,motivational,morning,greeting,hindi,(devanagari),doraemon.,kind,and,robotic.,mention,gadgets,and,nobita..,theme:,leadership,and,wisdom.,under,words. -> Found: None

[2026-04-26T17:05:02.792Z] Admin Query: "Give a short, 1-sentence motivational morning greeting in Hindi (Devanagari) as Oggy the cat. Be silly, funny and dramatic.. Theme: leadership and wisdom. Under 15 words."
Searching by Name terms: give,short,,1-sentence,motivational,morning,greeting,hindi,(devanagari),oggy,the,cat.,silly,,funny,and,dramatic..,theme:,leadership,and,wisdom.,under,words. -> Found: None

[2026-04-26T17:05:10.918Z] Admin Query: "Give a short, 1-sentence motivational morning greeting in Hindi (Devanagari) as Oggy the cat. Be silly, funny and dramatic.. Theme: leadership and wisdom. Under 15 words."
Searching by Name terms: give,short,,1-sentence,motivational,morning,greeting,hindi,(devanagari),oggy,the,cat.,silly,,funny,and,dramatic..,theme:,leadership,and,wisdom.,under,words. -> Found: None

[2026-04-26T17:05:28.991Z] Admin Query: "Give a short, 1-sentence motivational morning greeting in Hindi (Devanagari) as a professional school assistant. Theme: leadership and wisdom. Under 15 words."
Searching by Name terms: give,short,,1-sentence,motivational,morning,greeting,hindi,(devanagari),professional,school,assistant.,theme:,leadership,and,wisdom.,under,words. -> Found: None

[2026-04-26T17:05:36.815Z] Admin Query: "Give a short, 1-sentence motivational morning greeting in Hindi (Devanagari) as a professional school assistant. Theme: leadership and wisdom. Under 15 words."
Searching by Name terms: give,short,,1-sentence,motivational,morning,greeting,hindi,(devanagari),professional,school,assistant.,theme:,leadership,and,wisdom.,under,words. -> Found: None

[2026-04-26T17:05:42.808Z] Admin Query: "Give a short, 1-sentence motivational morning greeting in Hindi (Devanagari) as Doraemon. Be kind and robotic. Mention gadgets and Nobita.. Theme: leadership and wisdom. Under 15 words."
Searching by Name terms: give,short,,1-sentence,motivational,morning,greeting,hindi,(devanagari),doraemon.,kind,and,robotic.,mention,gadgets,and,nobita..,theme:,leadership,and,wisdom.,under,words. -> Found: None

[2026-04-26T17:06:00.805Z] Admin Query: "Give a short, 1-sentence motivational morning greeting in Hindi (Devanagari) as Doraemon. Be kind and robotic. Mention gadgets and Nobita.. Theme: leadership and wisdom. Under 15 words."
Searching by Name terms: give,short,,1-sentence,motivational,morning,greeting,hindi,(devanagari),doraemon.,kind,and,robotic.,mention,gadgets,and,nobita..,theme:,leadership,and,wisdom.,under,words. -> Found: None

[2026-04-26T17:08:53.222Z] Admin Query: "Give a short, 1-sentence motivational morning greeting in Hindi (Devanagari) as a professional school assistant. Theme: leadership and wisdom. Under 15 words."
Searching by Name terms: give,short,,1-sentence,motivational,morning,greeting,hindi,(devanagari),professional,school,assistant.,theme:,leadership,and,wisdom.,under,words. -> Found: None

[2026-04-26T17:09:01.344Z] Admin Query: "Give a short, 1-sentence motivational morning greeting in Hindi (Devanagari) as a professional school assistant. Theme: leadership and wisdom. Under 15 words."
Searching by Name terms: give,short,,1-sentence,motivational,morning,greeting,hindi,(devanagari),professional,school,assistant.,theme:,leadership,and,wisdom.,under,words. -> Found: None

[2026-04-26T17:09:07.211Z] Admin Query: "Give a short, 1-sentence motivational morning greeting in Hindi (Devanagari) as a professional school assistant. Theme: leadership and wisdom. Under 15 words."
Searching by Name terms: give,short,,1-sentence,motivational,morning,greeting,hindi,(devanagari),professional,school,assistant.,theme:,leadership,and,wisdom.,under,words. -> Found: None

[2026-04-26T17:09:15.189Z] Admin Query: "Give a short, 1-sentence motivational morning greeting in Hindi (Devanagari) as a professional school assistant. Theme: leadership and wisdom. Under 15 words."
Searching by Name terms: give,short,,1-sentence,motivational,morning,greeting,hindi,(devanagari),professional,school,assistant.,theme:,leadership,and,wisdom.,under,words. -> Found: None

[2026-04-26T17:09:21.192Z] Admin Query: "Give a short, 1-sentence motivational morning greeting in Hindi (Devanagari) as Doraemon. Be kind and robotic. Mention gadgets and Nobita.. Theme: leadership and wisdom. Under 15 words."
Searching by Name terms: give,short,,1-sentence,motivational,morning,greeting,hindi,(devanagari),doraemon.,kind,and,robotic.,mention,gadgets,and,nobita..,theme:,leadership,and,wisdom.,under,words. -> Found: None

[2026-04-26T17:09:27.195Z] Admin Query: "Give a short, 1-sentence motivational morning greeting in Hindi (Devanagari) as Chhota Bheem. Be brave and strong. Talk about Laddus and courage.. Theme: leadership and wisdom. Under 15 words."
Searching by Name terms: give,short,,1-sentence,motivational,morning,greeting,hindi,(devanagari),chhota,bheem.,brave,and,strong.,talk,about,laddus,and,courage..,theme:,leadership,and,wisdom.,under,words. -> Found: None

[2026-04-26T17:09:35.190Z] Admin Query: "Give a short, 1-sentence motivational morning greeting in Hindi (Devanagari) as Chhota Bheem. Be brave and strong. Talk about Laddus and courage.. Theme: leadership and wisdom. Under 15 words."
Searching by Name terms: give,short,,1-sentence,motivational,morning,greeting,hindi,(devanagari),chhota,bheem.,brave,and,strong.,talk,about,laddus,and,courage..,theme:,leadership,and,wisdom.,under,words. -> Found: None

[2026-04-26T17:09:41.192Z] Admin Query: "Give a short, 1-sentence motivational morning greeting in Hindi (Devanagari) as Chhota Bheem. Be brave and strong. Talk about Laddus and courage.. Theme: leadership and wisdom. Under 15 words."
Searching by Name terms: give,short,,1-sentence,motivational,morning,greeting,hindi,(devanagari),chhota,bheem.,brave,and,strong.,talk,about,laddus,and,courage..,theme:,leadership,and,wisdom.,under,words. -> Found: None

[2026-04-26T17:09:47.573Z] Admin Query: "Give a short, 1-sentence motivational morning greeting in Hindi (Devanagari) as Chhota Bheem. Be brave and strong. Talk about Laddus and courage.. Theme: leadership and wisdom. Under 15 words."
Searching by Name terms: give,short,,1-sentence,motivational,morning,greeting,hindi,(devanagari),chhota,bheem.,brave,and,strong.,talk,about,laddus,and,courage..,theme:,leadership,and,wisdom.,under,words. -> Found: None

[2026-04-26T17:11:17.343Z] Admin Query: "Give a short, 1-sentence motivational morning greeting in Hindi (Devanagari) as a professional school assistant. Theme: leadership and wisdom. Under 15 words."
Searching by Name terms: give,short,,1-sentence,motivational,morning,greeting,hindi,(devanagari),professional,school,assistant.,theme:,leadership,and,wisdom.,under,words. -> Found: None

[2026-04-26T17:11:25.306Z] Admin Query: "Give a short, 1-sentence motivational morning greeting in Hindi (Devanagari) as a professional school assistant. Theme: leadership and wisdom. Under 15 words."
Searching by Name terms: give,short,,1-sentence,motivational,morning,greeting,hindi,(devanagari),professional,school,assistant.,theme:,leadership,and,wisdom.,under,words. -> Found: None

[2026-04-26T17:11:33.306Z] Admin Query: "Give a short, 1-sentence motivational morning greeting in Hindi (Devanagari) as a professional school assistant. Theme: leadership and wisdom. Under 15 words."
Searching by Name terms: give,short,,1-sentence,motivational,morning,greeting,hindi,(devanagari),professional,school,assistant.,theme:,leadership,and,wisdom.,under,words. -> Found: None

[2026-04-26T17:11:55.277Z] Admin Query: "Give a short, 1-sentence motivational greeting in Hindi (Devanagari) as a professional school assistant. Theme: curiosity and dreams. Under 15 words."
Searching by Name terms: give,short,,1-sentence,motivational,greeting,hindi,(devanagari),professional,school,assistant.,theme:,curiosity,and,dreams.,under,words. -> Found: None

[2026-04-26T17:12:03.425Z] Admin Query: "Give a short, 1-sentence motivational greeting in Hindi (Devanagari) as a professional school assistant. Theme: curiosity and dreams. Under 15 words."
Searching by Name terms: give,short,,1-sentence,motivational,greeting,hindi,(devanagari),professional,school,assistant.,theme:,curiosity,and,dreams.,under,words. -> Found: None

[2026-04-26T17:12:37.434Z] Admin Query: "Give a short, 1-sentence motivational morning greeting in Hindi (Devanagari) as a professional school assistant. Theme: leadership and wisdom. Under 15 words."
Searching by Name terms: give,short,,1-sentence,motivational,morning,greeting,hindi,(devanagari),professional,school,assistant.,theme:,leadership,and,wisdom.,under,words. -> Found: None

[2026-04-26T17:12:43.529Z] Admin Query: "Give a short, 1-sentence motivational morning greeting in Hindi (Devanagari) as a professional school assistant. Theme: leadership and wisdom. Under 15 words."
Searching by Name terms: give,short,,1-sentence,motivational,morning,greeting,hindi,(devanagari),professional,school,assistant.,theme:,leadership,and,wisdom.,under,words. -> Found: None

[2026-04-26T17:12:51.388Z] Admin Query: "Give a short, 1-sentence motivational morning greeting in Hindi (Devanagari) as a professional school assistant. Theme: leadership and wisdom. Under 15 words."
Searching by Name terms: give,short,,1-sentence,motivational,morning,greeting,hindi,(devanagari),professional,school,assistant.,theme:,leadership,and,wisdom.,under,words. -> Found: None

[2026-04-26T17:13:03.289Z] Admin Query: "Give a short, 1-sentence motivational morning greeting in Hindi (Devanagari) as a professional school assistant. Theme: leadership and wisdom. Under 15 words."
Searching by Name terms: give,short,,1-sentence,motivational,morning,greeting,hindi,(devanagari),professional,school,assistant.,theme:,leadership,and,wisdom.,under,words. -> Found: None

[2026-04-26T17:13:13.467Z] Admin Query: "Give a short, 1-sentence motivational morning greeting in Hindi (Devanagari) as a professional school assistant. Theme: leadership and wisdom. Under 15 words."
Searching by Name terms: give,short,,1-sentence,motivational,morning,greeting,hindi,(devanagari),professional,school,assistant.,theme:,leadership,and,wisdom.,under,words. -> Found: None

[2026-04-26T17:13:19.881Z] Admin Query: "Give a short, 1-sentence motivational morning greeting in Hindi (Devanagari) as a professional school assistant. Theme: leadership and wisdom. Under 15 words."
Searching by Name terms: give,short,,1-sentence,motivational,morning,greeting,hindi,(devanagari),professional,school,assistant.,theme:,leadership,and,wisdom.,under,words. -> Found: None

[2026-04-26T17:13:27.364Z] Admin Query: "Give a short, 1-sentence motivational morning greeting in Hindi (Devanagari) as a professional school assistant. Theme: leadership and wisdom. Under 15 words."
Searching by Name terms: give,short,,1-sentence,motivational,morning,greeting,hindi,(devanagari),professional,school,assistant.,theme:,leadership,and,wisdom.,under,words. -> Found: None

[2026-04-26T17:13:33.427Z] Admin Query: "Give a short, 1-sentence motivational morning greeting in Hindi (Devanagari) as a professional school assistant. Theme: leadership and wisdom. Under 15 words."
Searching by Name terms: give,short,,1-sentence,motivational,morning,greeting,hindi,(devanagari),professional,school,assistant.,theme:,leadership,and,wisdom.,under,words. -> Found: None

[2026-04-26T17:13:51.289Z] Admin Query: "Give a short, 1-sentence motivational morning greeting in Hindi (Devanagari) as a professional school assistant. Theme: leadership and wisdom. Under 15 words."
Searching by Name terms: give,short,,1-sentence,motivational,morning,greeting,hindi,(devanagari),professional,school,assistant.,theme:,leadership,and,wisdom.,under,words. -> Found: None

[2026-04-26T17:14:13.370Z] Admin Query: "Give a short, 1-sentence motivational morning greeting in Hindi (Devanagari) as a professional school assistant. Theme: leadership and wisdom. Under 15 words."
Searching by Name terms: give,short,,1-sentence,motivational,morning,greeting,hindi,(devanagari),professional,school,assistant.,theme:,leadership,and,wisdom.,under,words. -> Found: None

[2026-04-27T07:14:25.027Z] Admin Query: "Give a short, 1-sentence motivational morning greeting in Hindi (Devanagari) as a professional school assistant. Theme: leadership and wisdom. Under 15 words."
Searching by Name terms: give,short,,1-sentence,motivational,morning,greeting,hindi,(devanagari),professional,school,assistant.,theme:,leadership,and,wisdom.,under,words. -> Found: None

[2026-04-27T07:14:32.720Z] Admin Query: "Give a short, 1-sentence motivational morning greeting in Hindi (Devanagari) as Doraemon. Be kind and robotic. Mention gadgets and Nobita.. Theme: leadership and wisdom. Under 15 words."
Searching by Name terms: give,short,,1-sentence,motivational,morning,greeting,hindi,(devanagari),doraemon.,kind,and,robotic.,mention,gadgets,and,nobita..,theme:,leadership,and,wisdom.,under,words. -> Found: None

[2026-04-27T07:14:38.713Z] Admin Query: "Give a short, 1-sentence motivational morning greeting in Hindi (Devanagari) as Doraemon. Be kind and robotic. Mention gadgets and Nobita.. Theme: leadership and wisdom. Under 15 words."
Searching by Name terms: give,short,,1-sentence,motivational,morning,greeting,hindi,(devanagari),doraemon.,kind,and,robotic.,mention,gadgets,and,nobita..,theme:,leadership,and,wisdom.,under,words. -> Found: None

[2026-04-27T07:14:46.691Z] Admin Query: "Give a short, 1-sentence motivational morning greeting in Hindi (Devanagari) as Doraemon. Be kind and robotic. Mention gadgets and Nobita.. Theme: leadership and wisdom. Under 15 words."
Searching by Name terms: give,short,,1-sentence,motivational,morning,greeting,hindi,(devanagari),doraemon.,kind,and,robotic.,mention,gadgets,and,nobita..,theme:,leadership,and,wisdom.,under,words. -> Found: None

[2026-04-27T07:14:54.689Z] Admin Query: "Give a short, 1-sentence motivational morning greeting in Hindi (Devanagari) as Doraemon. Be kind and robotic. Mention gadgets and Nobita.. Theme: leadership and wisdom. Under 15 words."
Searching by Name terms: give,short,,1-sentence,motivational,morning,greeting,hindi,(devanagari),doraemon.,kind,and,robotic.,mention,gadgets,and,nobita..,theme:,leadership,and,wisdom.,under,words. -> Found: None

[2026-04-27T07:15:00.717Z] Admin Query: "Give a short, 1-sentence motivational morning greeting in Hindi (Devanagari) as Doraemon. Be kind and robotic. Mention gadgets and Nobita.. Theme: leadership and wisdom. Under 15 words."
Searching by Name terms: give,short,,1-sentence,motivational,morning,greeting,hindi,(devanagari),doraemon.,kind,and,robotic.,mention,gadgets,and,nobita..,theme:,leadership,and,wisdom.,under,words. -> Found: None

[2026-04-27T07:15:06.708Z] Admin Query: "Give a short, 1-sentence motivational morning greeting in Hindi (Devanagari) as Chhota Bheem. Be brave and strong. Talk about Laddus and courage.. Theme: leadership and wisdom. Under 15 words."
Searching by Name terms: give,short,,1-sentence,motivational,morning,greeting,hindi,(devanagari),chhota,bheem.,brave,and,strong.,talk,about,laddus,and,courage..,theme:,leadership,and,wisdom.,under,words. -> Found: None

[2026-04-27T07:15:12.724Z] Admin Query: "Give a short, 1-sentence motivational morning greeting in Hindi (Devanagari) as Shin-chan. Be naughty, playful and funny like a mischievous 5-year-old.. Theme: leadership and wisdom. Under 15 words."
Searching by Name terms: give,short,,1-sentence,motivational,morning,greeting,hindi,(devanagari),shin-chan.,naughty,,playful,and,funny,like,mischievous,5-year-old..,theme:,leadership,and,wisdom.,under,words. -> Found: None

[2026-04-27T07:15:24.664Z] Admin Query: "Give a short, 1-sentence motivational morning greeting in Hindi (Devanagari) as Motu from Motu Patlu. Be jolly and funny. Mention samosas and Patlu.. Theme: leadership and wisdom. Under 15 words."
Searching by Name terms: give,short,,1-sentence,motivational,morning,greeting,hindi,(devanagari),motu,from,motu,patlu.,jolly,and,funny.,mention,samosas,and,patlu..,theme:,leadership,and,wisdom.,under,words. -> Found: None

[2026-04-27T07:15:57.058Z] Admin Query: "Give a short, 1-sentence motivational morning greeting in Hindi (Devanagari) as Motu from Motu Patlu. Be jolly and funny. Mention samosas and Patlu.. Theme: leadership and wisdom. Under 15 words."
Searching by Name terms: give,short,,1-sentence,motivational,morning,greeting,hindi,(devanagari),motu,from,motu,patlu.,jolly,and,funny.,mention,samosas,and,patlu..,theme:,leadership,and,wisdom.,under,words. -> Found: None

[2026-04-27T07:16:14.694Z] Admin Query: "Give a short, 1-sentence motivational morning greeting in Hindi (Devanagari) as Motu from Motu Patlu. Be jolly and funny. Mention samosas and Patlu.. Theme: leadership and wisdom. Under 15 words."
Searching by Name terms: give,short,,1-sentence,motivational,morning,greeting,hindi,(devanagari),motu,from,motu,patlu.,jolly,and,funny.,mention,samosas,and,patlu..,theme:,leadership,and,wisdom.,under,words. -> Found: None

[2026-04-27T07:16:22.709Z] Admin Query: "Give a short, 1-sentence motivational morning greeting in Hindi (Devanagari) as Motu from Motu Patlu. Be jolly and funny. Mention samosas and Patlu.. Theme: leadership and wisdom. Under 15 words."
Searching by Name terms: give,short,,1-sentence,motivational,morning,greeting,hindi,(devanagari),motu,from,motu,patlu.,jolly,and,funny.,mention,samosas,and,patlu..,theme:,leadership,and,wisdom.,under,words. -> Found: None

[2026-04-27T07:16:30.703Z] Admin Query: "Give a short, 1-sentence motivational morning greeting in Hindi (Devanagari) as Motu from Motu Patlu. Be jolly and funny. Mention samosas and Patlu.. Theme: leadership and wisdom. Under 15 words."
Searching by Name terms: give,short,,1-sentence,motivational,morning,greeting,hindi,(devanagari),motu,from,motu,patlu.,jolly,and,funny.,mention,samosas,and,patlu..,theme:,leadership,and,wisdom.,under,words. -> Found: None

[2026-04-27T07:16:36.804Z] Admin Query: "Give a short, 1-sentence motivational morning greeting in Hindi (Devanagari) as Motu from Motu Patlu. Be jolly and funny. Mention samosas and Patlu.. Theme: leadership and wisdom. Under 15 words."
Searching by Name terms: give,short,,1-sentence,motivational,morning,greeting,hindi,(devanagari),motu,from,motu,patlu.,jolly,and,funny.,mention,samosas,and,patlu..,theme:,leadership,and,wisdom.,under,words. -> Found: None

[2026-04-27T07:16:46.718Z] Admin Query: "Give a short, 1-sentence motivational morning greeting in Hindi (Devanagari) as Motu from Motu Patlu. Be jolly and funny. Mention samosas and Patlu.. Theme: leadership and wisdom. Under 15 words."
Searching by Name terms: give,short,,1-sentence,motivational,morning,greeting,hindi,(devanagari),motu,from,motu,patlu.,jolly,and,funny.,mention,samosas,and,patlu..,theme:,leadership,and,wisdom.,under,words. -> Found: None

[2026-04-27T07:16:52.734Z] Admin Query: "Give a short, 1-sentence motivational morning greeting in Hindi (Devanagari) as Motu from Motu Patlu. Be jolly and funny. Mention samosas and Patlu.. Theme: leadership and wisdom. Under 15 words."
Searching by Name terms: give,short,,1-sentence,motivational,morning,greeting,hindi,(devanagari),motu,from,motu,patlu.,jolly,and,funny.,mention,samosas,and,patlu..,theme:,leadership,and,wisdom.,under,words. -> Found: None

[2026-04-27T07:17:00.681Z] Admin Query: "Give a short, 1-sentence motivational morning greeting in Hindi (Devanagari) as Motu from Motu Patlu. Be jolly and funny. Mention samosas and Patlu.. Theme: leadership and wisdom. Under 15 words."
Searching by Name terms: give,short,,1-sentence,motivational,morning,greeting,hindi,(devanagari),motu,from,motu,patlu.,jolly,and,funny.,mention,samosas,and,patlu..,theme:,leadership,and,wisdom.,under,words. -> Found: None

[2026-04-27T07:17:06.710Z] Admin Query: "Give a short, 1-sentence motivational morning greeting in Hindi (Devanagari) as Motu from Motu Patlu. Be jolly and funny. Mention samosas and Patlu.. Theme: leadership and wisdom. Under 15 words."
Searching by Name terms: give,short,,1-sentence,motivational,morning,greeting,hindi,(devanagari),motu,from,motu,patlu.,jolly,and,funny.,mention,samosas,and,patlu..,theme:,leadership,and,wisdom.,under,words. -> Found: None

[2026-04-27T07:17:14.732Z] Admin Query: "Give a short, 1-sentence motivational morning greeting in Hindi (Devanagari) as Motu from Motu Patlu. Be jolly and funny. Mention samosas and Patlu.. Theme: leadership and wisdom. Under 15 words."
Searching by Name terms: give,short,,1-sentence,motivational,morning,greeting,hindi,(devanagari),motu,from,motu,patlu.,jolly,and,funny.,mention,samosas,and,patlu..,theme:,leadership,and,wisdom.,under,words. -> Found: None

[2026-04-27T07:17:22.709Z] Admin Query: "Give a short, 1-sentence motivational morning greeting in Hindi (Devanagari) as Motu from Motu Patlu. Be jolly and funny. Mention samosas and Patlu.. Theme: leadership and wisdom. Under 15 words."
Searching by Name terms: give,short,,1-sentence,motivational,morning,greeting,hindi,(devanagari),motu,from,motu,patlu.,jolly,and,funny.,mention,samosas,and,patlu..,theme:,leadership,and,wisdom.,under,words. -> Found: None

[2026-04-27T07:17:28.742Z] Admin Query: "Give a short, 1-sentence motivational morning greeting in Hindi (Devanagari) as Motu from Motu Patlu. Be jolly and funny. Mention samosas and Patlu.. Theme: leadership and wisdom. Under 15 words."
Searching by Name terms: give,short,,1-sentence,motivational,morning,greeting,hindi,(devanagari),motu,from,motu,patlu.,jolly,and,funny.,mention,samosas,and,patlu..,theme:,leadership,and,wisdom.,under,words. -> Found: None

[2026-04-27T07:17:34.734Z] Admin Query: "Give a short, 1-sentence motivational morning greeting in Hindi (Devanagari) as Motu from Motu Patlu. Be jolly and funny. Mention samosas and Patlu.. Theme: leadership and wisdom. Under 15 words."
Searching by Name terms: give,short,,1-sentence,motivational,morning,greeting,hindi,(devanagari),motu,from,motu,patlu.,jolly,and,funny.,mention,samosas,and,patlu..,theme:,leadership,and,wisdom.,under,words. -> Found: None

[2026-04-27T07:17:40.845Z] Admin Query: "Give a short, 1-sentence motivational morning greeting in Hindi (Devanagari) as Motu from Motu Patlu. Be jolly and funny. Mention samosas and Patlu.. Theme: leadership and wisdom. Under 15 words."
Searching by Name terms: give,short,,1-sentence,motivational,morning,greeting,hindi,(devanagari),motu,from,motu,patlu.,jolly,and,funny.,mention,samosas,and,patlu..,theme:,leadership,and,wisdom.,under,words. -> Found: None

[2026-04-27T13:02:55.888Z] Admin Query: "School status?"
Searching by Name terms: school,status? -> Found: None
